Name,OriginalSourceSections,Parent,Zone,Classification,Verified,Indexable,Sitemap,AliasOf,PageURL,Reason
Abdullapurmet,AIRPORT / SOUTH / TURKAYAMJAL,,outskirts,Published,true,true,true,,https://turbofix.in/locations/abdullapurmet,Live page — verified and indexable.
Abids,CENTRAL HYDERABAD,,central,Published,true,true,true,,https://turbofix.in/locations/abids,Live page — verified and indexable.
AC Guards,LAKDICAPUL / SAIFABAD,,central,Published,true,true,true,,https://turbofix.in/locations/ac-guards,Live page — verified and indexable.
Adibatla,AIRPORT / SOUTH / ADIBATLA | AIRPORT / SOUTH / KONGARA KALAN | AIRPORT / SOUTH / TURKAYAMJAL,,outskirts,Published,true,true,true,,https://turbofix.in/locations/adibatla,Live page — verified and indexable.
Adikmet,ADDITIONAL LOCALITIES,,central,Published,true,true,true,,https://turbofix.in/locations/adikmet,Live page — verified and indexable.
Afzal Gunj,CENTRAL HYDERABAD,,central,Published,true,true,true,,https://turbofix.in/locations/afzal-gunj,Live page — verified and indexable.
Aghapura,NAMPALLY,,central,Published,true,true,true,,https://turbofix.in/locations/aghapura,Live page — verified and indexable.
Ahmed Nagar,NAMPALLY | MEHDIPATNAM / SOUTH-CENTRAL,,central,Published,true,true,true,,https://turbofix.in/locations/ahmed-nagar,Live page — verified and indexable.
Airport Colony,AIRPORT / SOUTH / SHAMSHABAD,,south,Published,true,true,true,,https://turbofix.in/locations/airport-colony,Live page — verified and indexable.
Al Hasnath Colony,TOLICHOWKI | SHAIKPET,,south,Published,true,true,true,,https://turbofix.in/locations/al-hasnath-colony,Live page — verified and indexable.
Aliabad,OLD CITY / SHAHALIBANDA | OLD CITY / MOGHALPURA | OLD CITY / HUSSAINI ALAM,,south,Published,true,true,true,,https://turbofix.in/locations/aliabad,Live page — verified and indexable.
Allwyn Colony,KUKATPALLY / NORTHWEST | MIYAPUR | HAFEEZPET,,west,Published,true,true,true,,https://turbofix.in/locations/allwyn-colony,Live page — verified and indexable.
Almasguda,MEERPET | JILLELAGUDA,,south,Published,true,true,true,,https://turbofix.in/locations/almasguda,Live page — verified and indexable.
Alwal,ALWAL | TRIMULGHERRY,,north,Published,true,true,true,,https://turbofix.in/locations/alwal,Live page — verified and indexable.
Amberpet,RAMANTHAPUR | ADDITIONAL LOCALITIES,,north,Published,true,true,true,,https://turbofix.in/locations/amberpet,Live page — verified and indexable.
Ameenpur,MIYAPUR | PATANCHERU | BEERAMGUDA | AMEENPUR,,west,Published,true,true,true,,https://turbofix.in/locations/ameenpur,Live page — verified and indexable.
Ameerpet,PUNJAGUTTA | AMEERPET | SR NAGAR,,central,Published,true,true,true,,https://turbofix.in/locations/ameerpet,Live page — verified and indexable.
Ammuguda,SECUNDERABAD / NORTH,,north,Published,true,true,true,,https://turbofix.in/locations/ammuguda,Live page — verified and indexable.
Anandbagh,MALKAJGIRI,,north,Published,true,true,true,,https://turbofix.in/locations/anandbagh,Live page — verified and indexable.
Anjaiah Nagar,GACHIBOWLI,,west,Published,true,true,true,,https://turbofix.in/locations/anjaiah-nagar,Live page — verified and indexable.
Ankireddypally,EAST / NORTH-EAST / KEESARA,,outskirts,Published,true,true,true,,https://turbofix.in/locations/ankireddypally,Live page — verified and indexable.
Ankushapur,EAST / NORTH-EAST / GHATKESAR,,east,Published,true,true,true,,https://turbofix.in/locations/ankushapur,Live page — verified and indexable.
AS Rao Nagar,SAINIKPURI | ECIL | AS RAO NAGAR | KAPRA,,north,Published,true,true,true,,https://turbofix.in/locations/as-rao-nagar,Live page — verified and indexable.
Ashok Nagar,HIMAYATNAGAR / BASHEERBAGH | BEERAMGUDA,,central,Published,true,true,true,,https://turbofix.in/locations/ashok-nagar,Live page — verified and indexable.
Asif Nagar,NAMPALLY | MEHDIPATNAM / SOUTH-CENTRAL,,south,Published,true,true,true,,https://turbofix.in/locations/asif-nagar,Live page — verified and indexable.
Athvelly,MEDCHAL,,north,Published,true,true,true,,https://turbofix.in/locations/athvelly,Live page — verified and indexable.
Attapur,ATTAPUR | RAJENDRANAGAR,,south,Published,true,true,true,,https://turbofix.in/locations/attapur,Live page — verified and indexable.
Ayyappa Society,WEST HYDERABAD / IT CORRIDOR | MADHAPUR,,west,Published,true,true,true,,https://turbofix.in/locations/ayyappa-society,Live page — verified and indexable.
Azampura,OLD CITY / MALAKPET,,south,Published,true,true,true,,https://turbofix.in/locations/azampura,Live page — verified and indexable.
Bachupally,NIZAMPET | BACHUPALLY | PRAGATHI NAGAR | AMEENPUR,,west,Published,true,true,true,,https://turbofix.in/locations/bachupally,Live page — verified and indexable.
Badangpet,MEERPET | JILLELAGUDA | BADANGPET,,south,Published,true,true,true,,https://turbofix.in/locations/badangpet,Live page — verified and indexable.
Badichowdi,CENTRAL HYDERABAD,,central,Published,true,true,true,,https://turbofix.in/locations/badichowdi,Live page — verified and indexable.
Bagh Lingampally,HIMAYATNAGAR / BASHEERBAGH | ADDITIONAL LOCALITIES,,central,Published,true,true,true,,https://turbofix.in/locations/bagh-lingampally,Live page — verified and indexable.
Bahadurpally,ADDITIONAL LOCALITIES,,west,Published,true,true,true,,https://turbofix.in/locations/bahadurpally,Live page — verified and indexable.
Bahadurpura,OLD CITY / FALAKNUMA | OLD CITY / BAHADURPURA,,south,Published,true,true,true,,https://turbofix.in/locations/bahadurpura,Live page — verified and indexable.
Bairamalguda,LB NAGAR / EAST / SOUTH-EAST | HASTHINAPURAM,,east,Published,true,true,true,,https://turbofix.in/locations/bairamalguda,Live page — verified and indexable.
Balaji Nagar,KUKATPALLY / NORTHWEST,,west,Published,true,true,true,,https://turbofix.in/locations/balaji-nagar,Live page — verified and indexable.
Balanagar,SANATH NAGAR | BOWENPALLY,,west,Published,true,true,true,,https://turbofix.in/locations/balanagar,Live page — verified and indexable.
Balapur,MEERPET | JILLELAGUDA | BADANGPET,,south,Published,true,true,true,,https://turbofix.in/locations/balapur,Live page — verified and indexable.
Balkampet,BEGUMPET | AMEERPET | SR NAGAR,,central,Published,true,true,true,,https://turbofix.in/locations/balkampet,Live page — verified and indexable.
Banjara Hills,BANJARA HILLS,,central,Published,true,true,true,,https://turbofix.in/locations/banjara-hills,Live page — verified and indexable.
Barkas,OLD CITY / CHANDRAYANGUTTA | OLD CITY / BARKAS | OLD CITY / KANCHANBAGH,,south,Published,true,true,true,,https://turbofix.in/locations/barkas,Live page — verified and indexable.
Barkatpura,BATCH 13 — MISSING MASTER-LIST ADDITIONS,,central,Published,true,true,true,,https://turbofix.in/locations/barkatpura,Live page — verified and indexable.
Basheerbagh,HIMAYATNAGAR / BASHEERBAGH,,central,Published,true,true,true,,https://turbofix.in/locations/basheerbagh,Live page — verified and indexable.
Batasingaram,HAYATHNAGAR,,outskirts,Published,true,true,true,,https://turbofix.in/locations/batasingaram,Live page — verified and indexable.
Beeramguda,PATANCHERU | BEERAMGUDA | AMEENPUR | RC PURAM,,west,Published,true,true,true,,https://turbofix.in/locations/beeramguda,Live page — verified and indexable.
Begumpet,SOMAJIGUDA | BEGUMPET,,central,Published,true,true,true,,https://turbofix.in/locations/begumpet,Live page — verified and indexable.
Bhagya Nagar Colony,KUKATPALLY / NORTHWEST,,west,Published,true,true,true,,https://turbofix.in/locations/bhagya-nagar-colony,Live page — verified and indexable.
Bharat Nagar,SANATH NAGAR | ERRAGADDA,,central,Published,true,true,true,,https://turbofix.in/locations/bharat-nagar,Live page — verified and indexable.
BHEL,TELLAPUR | CHANDANAGAR | LINGAMPALLY | PATANCHERU | BEERAMGUDA | AMEENPUR | RC PURAM,,west,Alias / Duplicate,true,true,true,RC Puram,https://turbofix.in/locations/rc-puram,"Same real locality as the published ""RC Puram"" page (supplied under a different name/spelling) — not a separate page, avoids duplicate content. Multiple spellings seen in the supplied list: BHEL / Ramachandrapuram / RC Puram / BHEL Township."
Bhoiguda,SECUNDERABAD / NORTH,,north,Published,true,true,true,,https://turbofix.in/locations/bhoiguda,Live page — verified and indexable.
Bholakpur,SECUNDERABAD / NORTH | ADDITIONAL LOCALITIES,,north,Published,true,true,true,,https://turbofix.in/locations/bholakpur,Live page — verified and indexable.
BN Reddy Nagar,VANASTHALIPURAM | HASTHINAPURAM | BN REDDY NAGAR | HAYATHNAGAR,,east,Published,true,true,true,,https://turbofix.in/locations/bn-reddy-nagar,Live page — verified and indexable.
Boduppal,UPPAL | BODUPPAL | PEERZADIGUDA,,north,Published,true,true,true,,https://turbofix.in/locations/boduppal,Live page — verified and indexable.
Boggulkunta,CENTRAL HYDERABAD,,central,Published,true,true,true,,https://turbofix.in/locations/boggulkunta,Live page — verified and indexable.
Bolarum,ALWAL | SUCHITRA | TRIMULGHERRY | ADDITIONAL LOCALITIES,,north,Published,true,true,true,,https://turbofix.in/locations/bolarum,Live page — verified and indexable.
Bollaram,ADDITIONAL LOCALITIES,,north,Published,true,true,true,,https://turbofix.in/locations/bollaram,Live page — verified and indexable.
Bongloor,AIRPORT / SOUTH / ADIBATLA | AIRPORT / SOUTH / TURKAYAMJAL | AIRPORT / SOUTH / IBRAHIMPATNAM,,outskirts,Published,true,true,true,,https://turbofix.in/locations/bongloor,Live page — verified and indexable.
Borabanda,ERRAGADDA,,central,Published,true,true,true,,https://turbofix.in/locations/borabanda,Live page — verified and indexable.
Bowenpally,SUCHITRA | BOWENPALLY | TRIMULGHERRY,,north,Published,true,true,true,,https://turbofix.in/locations/bowenpally,Live page — verified and indexable.
Bowrampet,BACHUPALLY | ADDITIONAL LOCALITIES,,west,Published,true,true,true,,https://turbofix.in/locations/bowrampet,Live page — verified and indexable.
Budwel,RAJENDRANAGAR,,south,Published,true,true,true,,https://turbofix.in/locations/budwel,Live page — verified and indexable.
Chaderghat,CENTRAL HYDERABAD,,south,Published,true,true,true,,https://turbofix.in/locations/chaderghat,Live page — verified and indexable.
Chaitanya Enclave,MANIKONDA,,west,Published,true,true,true,,https://turbofix.in/locations/chaitanya-enclave,Live page — verified and indexable.
Chaitanyapuri,LB NAGAR / EAST / SOUTH-EAST | KOTHAPET | DILSUKHNAGAR,,east,Published,true,true,true,,https://turbofix.in/locations/chaitanyapuri,Live page — verified and indexable.
Champapet,OLD CITY / SANTOSHNAGAR | SAROORNAGAR,,south,Published,true,true,true,,https://turbofix.in/locations/champapet,Live page — verified and indexable.
Chanchalguda,OLD CITY / DABEERPURA | OLD CITY / YAKUTPURA | OLD CITY / SAIDABAD | OLD CITY / REIN BAZAAR | OLD CITY / CHANCHALGUDA | OLD CITY / MADANNAPET,,south,Published,true,true,true,,https://turbofix.in/locations/chanchalguda,Live page — verified and indexable.
Chandanagar,MIYAPUR | HAFEEZPET | CHANDANAGAR | LINGAMPALLY | AMEENPUR,,west,Published,true,true,true,,https://turbofix.in/locations/chandanagar,Live page — verified and indexable.
Chandrayangutta,OLD CITY / CHANDRAYANGUTTA | OLD CITY / BARKAS | OLD CITY / KANCHANBAGH,,south,Published,true,true,true,,https://turbofix.in/locations/chandrayangutta,Live page — verified and indexable.
Charminar,OLD CITY / CHARMINAR | OLD CITY / SHAHALIBANDA | OLD CITY / MOGHALPURA | OLD CITY / HUSSAINI ALAM,,south,Published,true,true,true,,https://turbofix.in/locations/charminar,Live page — verified and indexable.
Chengicherla,BODUPPAL | PEERZADIGUDA,,north,Published,true,true,true,,https://turbofix.in/locations/chengicherla,Live page — verified and indexable.
Cherlapally,ECIL | KAPRA | EAST / NORTH-EAST / KEESARA | EAST / NORTH-EAST / DAMMAIGUDA | EAST / NORTH-EAST / NAGARAM | EAST / NORTH-EAST / RAMPALLY | ADDITIONAL LOCALITIES,,north,Published,true,true,true,,https://turbofix.in/locations/cherlapally,Live page — verified and indexable. Multiple spellings seen in the supplied list: Cherlapally / Charlapally.
Chikkadpally,BATCH 13 — MISSING MASTER-LIST ADDITIONS,,central,Published,true,true,true,,https://turbofix.in/locations/chikkadpally,Live page — verified and indexable.
Chilkalguda,SECUNDERABAD / NORTH,,north,Published,true,true,true,,https://turbofix.in/locations/chilkalguda,Live page — verified and indexable.
Chilkanagar,UPPAL | NACHARAM,,north,Published,true,true,true,,https://turbofix.in/locations/chilkanagar,Live page — verified and indexable.
Chintal,ADDITIONAL LOCALITIES,,west,Published,true,true,true,,https://turbofix.in/locations/chintal,Live page — verified and indexable.
Chintalkunta,LB NAGAR / EAST / SOUTH-EAST | VANASTHALIPURAM | HASTHINAPURAM | CHINTALKUNTA,,east,Published,true,true,true,,https://turbofix.in/locations/chintalkunta,Live page — verified and indexable.
Czech Colony,SANATH NAGAR,,central,Published,true,true,true,,https://turbofix.in/locations/czech-colony,Live page — verified and indexable.
Dabeerpura,OLD CITY / CHARMINAR | OLD CITY / MALAKPET | OLD CITY / DABEERPURA | OLD CITY / YAKUTPURA | OLD CITY / REIN BAZAAR | OLD CITY / CHANCHALGUDA | OLD CITY / MADANNAPET,,south,Published,true,true,true,,https://turbofix.in/locations/dabeerpura,Live page — verified and indexable.
Dabilpur,MEDCHAL,,north,Published,true,true,true,,https://turbofix.in/locations/dabilpur,Live page — verified and indexable.
Dammaiguda,EAST / NORTH-EAST / KEESARA | EAST / NORTH-EAST / DAMMAIGUDA | EAST / NORTH-EAST / NAGARAM | EAST / NORTH-EAST / RAMPALLY | EAST / NORTH-EAST / JAWAHAR NAGAR,,outskirts,Published,true,true,true,,https://turbofix.in/locations/dammaiguda,Live page — verified and indexable.
Darulshifa,OLD CITY / CHARMINAR | OLD CITY / DABEERPURA | OLD CITY / YAKUTPURA,,south,Published,true,true,true,,https://turbofix.in/locations/darulshifa,Live page — verified and indexable.
Darussalam,NAMPALLY,,central,Published,true,true,true,,https://turbofix.in/locations/darussalam,Live page — verified and indexable.
Deepthisree Nagar,MIYAPUR | CHANDANAGAR,,west,Published,true,true,true,,https://turbofix.in/locations/deepthisree-nagar,Live page — verified and indexable.
Dhoolpet,NAMPALLY,,central,Published,true,true,true,,https://turbofix.in/locations/dhoolpet,Live page — verified and indexable. Multiple spellings seen in the supplied list: Dhoolpet / Doolpet.
Dilsukhnagar,KOTHAPET | DILSUKHNAGAR,,east,Published,true,true,true,,https://turbofix.in/locations/dilsukhnagar,Live page — verified and indexable.
Domalguda,HIMAYATNAGAR / BASHEERBAGH,,central,Published,true,true,true,,https://turbofix.in/locations/domalguda,Live page — verified and indexable.
Doodh Bowli,OLD CITY / FALAKNUMA | OLD CITY / BAHADURPURA,,south,Published,true,true,true,,https://turbofix.in/locations/doodh-bowli,Live page — verified and indexable.
Doolapally,ADDITIONAL LOCALITIES,,north,Published,true,true,true,,https://turbofix.in/locations/doolapally,Live page — verified and indexable.
Dundigal,BACHUPALLY | ADDITIONAL LOCALITIES,,outskirts,Published,true,true,true,,https://turbofix.in/locations/dundigal,Live page — verified and indexable.
Dwarakapuri Colony,KHAIRATABAD,,central,Published,true,true,true,,https://turbofix.in/locations/dwarakapuri-colony,Live page — verified and indexable.
ECIL,MALLAPUR | SAINIKPURI | ECIL | AS RAO NAGAR | KAPRA | EAST / NORTH-EAST / NAGARAM | EAST / NORTH-EAST / RAMPALLY,,north,Published,true,true,true,,https://turbofix.in/locations/ecil,Live page — verified and indexable.
Edulabad,EAST / NORTH-EAST / GHATKESAR | EAST / NORTH-EAST / POCHARAM,,east,Published,true,true,true,,https://turbofix.in/locations/edulabad,Live page — verified and indexable.
Erragadda,SANATH NAGAR | ERRAGADDA,,central,Published,true,true,true,,https://turbofix.in/locations/erragadda,Live page — verified and indexable.
Errum Manzil,KHAIRATABAD | PUNJAGUTTA | SOMAJIGUDA,,central,Alias / Duplicate,true,true,true,Irrum Manzil,https://turbofix.in/locations/irrum-manzil,"Same real locality as the published ""Irrum Manzil"" page (supplied under a different name/spelling) — not a separate page, avoids duplicate content. Multiple spellings seen in the supplied list: Errum Manzil / Irrum Manzil."
Falaknuma,OLD CITY / FALAKNUMA | OLD CITY / BAHADURPURA,,south,Published,true,true,true,,https://turbofix.in/locations/falaknuma,Live page — verified and indexable.
Fathenagar,SANATH NAGAR | BOWENPALLY,,central,Published,true,true,true,,https://turbofix.in/locations/fathenagar,Live page — verified and indexable. Multiple spellings seen in the supplied list: Fathenagar / Fateh Nagar.
Ferozguda,BOWENPALLY,,north,Published,true,true,true,,https://turbofix.in/locations/ferozguda,Live page — verified and indexable.
Film Nagar,BANJARA HILLS | JUBILEE HILLS | YOUSUFGUDA | SHAIKPET,,central,Published,true,true,true,,https://turbofix.in/locations/film-nagar,Live page — verified and indexable.
Financial District,GACHIBOWLI | FINANCIAL DISTRICT | NANAKRAMGUDA,,west,Published,true,true,true,,https://turbofix.in/locations/financial-district,Live page — verified and indexable.
Gachibowli,GACHIBOWLI | FINANCIAL DISTRICT | NANAKRAMGUDA | RAIDURG | OSMAN NAGAR | LINGAMPALLY,,west,Published,true,true,true,,https://turbofix.in/locations/gachibowli,Live page — verified and indexable.
Gaddiannaram,KOTHAPET | DILSUKHNAGAR | SAROORNAGAR,,east,Published,true,true,true,,https://turbofix.in/locations/gaddiannaram,Live page — verified and indexable.
Gaganpahad,BATCH 13 — MISSING MASTER-LIST ADDITIONS,,south,Published,true,true,true,,https://turbofix.in/locations/gaganpahad,Live page — verified and indexable.
Gajularamaram,ADDITIONAL LOCALITIES,,west,Published,true,true,true,,https://turbofix.in/locations/gajularamaram,Live page — verified and indexable.
Gandipet,NARSINGI,,west,Published,true,true,true,,https://turbofix.in/locations/gandipet,Live page — verified and indexable.
Gangaram,HAFEEZPET | CHANDANAGAR,,west,Published,true,true,true,,https://turbofix.in/locations/gangaram,Live page — verified and indexable.
Gautam Nagar,MALKAJGIRI,,north,Published,true,true,true,,https://turbofix.in/locations/gautam-nagar,Live page — verified and indexable.
Gayatri Hills,JUBILEE HILLS,,central,Published,true,true,true,,https://turbofix.in/locations/gayatri-hills,Live page — verified and indexable.
Ghansi Bazaar,OLD CITY / CHARMINAR,,south,Published,true,true,true,,https://turbofix.in/locations/ghansi-bazaar,Live page — verified and indexable.
Ghatkesar,EAST / NORTH-EAST / GHATKESAR | EAST / NORTH-EAST / POCHARAM,,east,Published,true,true,true,,https://turbofix.in/locations/ghatkesar,Live page — verified and indexable.
Golconda,LANGER HOUZ,,south,Published,true,true,true,,https://turbofix.in/locations/golconda,Live page — verified and indexable.
Gollapally,AIRPORT / SOUTH / SHAMSHABAD,,south,Published,true,true,true,,https://turbofix.in/locations/gollapally,Live page — verified and indexable.
Golnaka,ADDITIONAL LOCALITIES,,north,Published,true,true,true,,https://turbofix.in/locations/golnaka,Live page — verified and indexable.
Gopanapally,TELLAPUR | ADDITIONAL LOCALITIES,,west,Published,true,true,true,,https://turbofix.in/locations/gopanapally,Live page — verified and indexable.
Gosha Mahal,NAMPALLY,,central,Published,true,true,true,,https://turbofix.in/locations/gosha-mahal,Live page — verified and indexable.
Gowlidoddi,GACHIBOWLI | FINANCIAL DISTRICT | ADDITIONAL LOCALITIES,,west,Published,true,true,true,,https://turbofix.in/locations/gowlidoddi,Live page — verified and indexable.
Gowlipura,OLD CITY / SANTOSHNAGAR,,south,Published,true,true,true,,https://turbofix.in/locations/gowlipura,Live page — verified and indexable.
Gudimalkapur,MEHDIPATNAM / SOUTH-CENTRAL,,south,Published,true,true,true,,https://turbofix.in/locations/gudimalkapur,Live page — verified and indexable.
Gundlapochampally,KOMPALLY | MEDCHAL | ADDITIONAL LOCALITIES,,north,Published,true,true,true,,https://turbofix.in/locations/gundlapochampally,Live page — verified and indexable.
Habsiguda,TARNAKA | HABSIGUDA | RAMANTHAPUR,,north,Published,true,true,true,,https://turbofix.in/locations/habsiguda,Live page — verified and indexable.
Hafeezpet,KONDAPUR | MIYAPUR | HAFEEZPET | AMEENPUR,,west,Published,true,true,true,,https://turbofix.in/locations/hafeezpet,Live page — verified and indexable.
Hanuman Nagar,KONDAPUR,,west,Published,true,true,true,,https://turbofix.in/locations/hanuman-nagar,Live page — verified and indexable.
Hasmathpet,BOWENPALLY,,north,Published,true,true,true,,https://turbofix.in/locations/hasmathpet,Live page — verified and indexable.
Hasthinapuram,LB NAGAR / EAST / SOUTH-EAST | VANASTHALIPURAM | HASTHINAPURAM | BN REDDY NAGAR | CHINTALKUNTA,,east,Published,true,true,true,,https://turbofix.in/locations/hasthinapuram,Live page — verified and indexable.
Hayathnagar,MANSOORABAD | VANASTHALIPURAM | HASTHINAPURAM | BN REDDY NAGAR | HAYATHNAGAR | CHINTALKUNTA,,east,Published,true,true,true,,https://turbofix.in/locations/hayathnagar,Live page — verified and indexable.
Himayatnagar,HIMAYATNAGAR / BASHEERBAGH,,central,Published,true,true,true,,https://turbofix.in/locations/himayatnagar,Live page — verified and indexable.
HITEC City,WEST HYDERABAD / IT CORRIDOR,,west,Published,true,true,true,,https://turbofix.in/locations/hitech-city,Live page — verified and indexable.
HMT Nagar,NACHARAM | MALLAPUR,,north,Published,true,true,true,,https://turbofix.in/locations/hmt-nagar,Live page — verified and indexable.
Humayun Nagar,MEHDIPATNAM / SOUTH-CENTRAL | TOLICHOWKI,,south,Published,true,true,true,,https://turbofix.in/locations/humayun-nagar,Live page — verified and indexable.
Hussaini Alam,OLD CITY / CHARMINAR | OLD CITY / SHAHALIBANDA | OLD CITY / MOGHALPURA | OLD CITY / HUSSAINI ALAM | OLD CITY / YAKUTPURA,,south,Published,true,true,true,,https://turbofix.in/locations/hussaini-alam,Live page — verified and indexable.
Hyder Nagar,KUKATPALLY / NORTHWEST | NIZAMPET | PRAGATHI NAGAR,,west,Published,true,true,true,,https://turbofix.in/locations/hyder-nagar,Live page — verified and indexable.
Hyderguda,HIMAYATNAGAR / BASHEERBAGH | ATTAPUR,,central,Published,true,true,true,,https://turbofix.in/locations/hyderguda,Live page — verified and indexable.
Ibrahim Bagh,LANGER HOUZ,,south,Published,true,true,true,,https://turbofix.in/locations/ibrahim-bagh,Live page — verified and indexable.
Ibrahimpatnam,AIRPORT / SOUTH / IBRAHIMPATNAM,,outskirts,Published,true,true,true,,https://turbofix.in/locations/ibrahimpatnam,Live page — verified and indexable.
Image Gardens,WEST HYDERABAD / IT CORRIDOR,,west,Published,true,true,true,,https://turbofix.in/locations/image-gardens,Live page — verified and indexable.
Indira Nagar,GACHIBOWLI,,west,Published,true,true,true,,https://turbofix.in/locations/indira-nagar,Live page — verified and indexable.
Isnapur,PATANCHERU,,west,Published,true,true,true,,https://turbofix.in/locations/isnapur,Live page — verified and indexable.
Jahanuma,OLD CITY / FALAKNUMA,,south,Published,true,true,true,,https://turbofix.in/locations/jahanuma,Live page — verified and indexable.
Jambagh,CENTRAL HYDERABAD,,central,Published,true,true,true,,https://turbofix.in/locations/jambagh,Live page — verified and indexable.
Jangammet,OLD CITY / CHANDRAYANGUTTA | OLD CITY / BARKAS,,south,Published,true,true,true,,https://turbofix.in/locations/jangammet,Live page — verified and indexable.
Jeedimetla,KOMPALLY | SUCHITRA | ADDITIONAL LOCALITIES,,west,Published,true,true,true,,https://turbofix.in/locations/jeedimetla,Live page — verified and indexable.
Jillelaguda,MEERPET | JILLELAGUDA | BADANGPET,,south,Published,true,true,true,,https://turbofix.in/locations/jillelaguda,Live page — verified and indexable.
Jubilee Hills,JUBILEE HILLS,,central,Published,true,true,true,,https://turbofix.in/locations/jubilee-hills,Live page — verified and indexable.
Kachiguda,BATCH 13 — MISSING MASTER-LIST ADDITIONS,,central,Published,true,true,true,,https://turbofix.in/locations/kachiguda,Live page — verified and indexable.
Kalapather,OLD CITY / SHAHALIBANDA | OLD CITY / BAHADURPURA,,south,Alias / Duplicate,true,true,true,Kalapathar,https://turbofix.in/locations/kalapathar,"Same real locality as the published ""Kalapathar"" page (supplied under a different name/spelling) — not a separate page, avoids duplicate content. Multiple spellings seen in the supplied list: Kalapather / Kalapathar."
Kamalanagar,ECIL | AS RAO NAGAR | KAPRA,,north,Published,true,true,true,,https://turbofix.in/locations/kamalanagar,Live page — verified and indexable.
Kanajiguda,ALWAL,,north,Published,true,true,true,,https://turbofix.in/locations/kanajiguda,Live page — verified and indexable.
Kanchanbagh,OLD CITY / CHANDRAYANGUTTA | OLD CITY / BARKAS | OLD CITY / KANCHANBAGH,,south,Published,true,true,true,,https://turbofix.in/locations/kanchanbagh,Live page — verified and indexable.
Kandlakoya,MEDCHAL | ADDITIONAL LOCALITIES,,north,Published,true,true,true,,https://turbofix.in/locations/kandlakoya,Live page — verified and indexable.
Kapra,MALLAPUR | SAINIKPURI | ECIL | AS RAO NAGAR | KAPRA | EAST / NORTH-EAST / NAGARAM | EAST / NORTH-EAST / JAWAHAR NAGAR,,north,Published,true,true,true,,https://turbofix.in/locations/kapra,Live page — verified and indexable.
Karkhana,SECUNDERABAD / NORTH | TRIMULGHERRY,,north,Published,true,true,true,,https://turbofix.in/locations/karkhana,Live page — verified and indexable.
Karmanghat,MEERPET | JILLELAGUDA,,east,Published,true,true,true,,https://turbofix.in/locations/karmanghat,Live page — verified and indexable.
Karwan,BATCH 13 — MISSING MASTER-LIST ADDITIONS,,south,Published,true,true,true,,https://turbofix.in/locations/karwan,Live page — verified and indexable.
Kavadiguda,SECUNDERABAD / NORTH | ADDITIONAL LOCALITIES,,central,Published,true,true,true,,https://turbofix.in/locations/kavadiguda,Live page — verified and indexable.
Kavuri Hills,JUBILEE HILLS | WEST HYDERABAD / IT CORRIDOR | MADHAPUR,,west,Published,true,true,true,,https://turbofix.in/locations/kavuri-hills,Live page — verified and indexable.
Keesara,EAST / NORTH-EAST / KEESARA | EAST / NORTH-EAST / DAMMAIGUDA | EAST / NORTH-EAST / NAGARAM | EAST / NORTH-EAST / RAMPALLY | EAST / NORTH-EAST / JAWAHAR NAGAR,,outskirts,Published,true,true,true,,https://turbofix.in/locations/keesara,Live page — verified and indexable.
Khairatabad,LAKDICAPUL / SAIFABAD | KHAIRATABAD | PUNJAGUTTA | SOMAJIGUDA,,central,Published,true,true,true,,https://turbofix.in/locations/khairatabad,Live page — verified and indexable.
Khajaguda,GACHIBOWLI | NANAKRAMGUDA | MANIKONDA | PUPPALAGUDA | KOKAPET | SHAIKPET | ADDITIONAL LOCALITIES,,west,Published,true,true,true,,https://turbofix.in/locations/khajaguda,Live page — verified and indexable.
King Koti,CENTRAL HYDERABAD | HIMAYATNAGAR / BASHEERBAGH,,central,Published,true,true,true,,https://turbofix.in/locations/king-koti,Live page — verified and indexable.
Kishan Bagh,ATTAPUR | RAJENDRANAGAR | OLD CITY / FALAKNUMA | OLD CITY / BAHADURPURA,,south,Published,true,true,true,,https://turbofix.in/locations/kishan-bagh,Live page — verified and indexable.
Kismatpur,BATCH 13 — MISSING MASTER-LIST ADDITIONS,,south,Published,true,true,true,,https://turbofix.in/locations/kismatpur,Live page — verified and indexable.
Kokapet,GACHIBOWLI | FINANCIAL DISTRICT | KOKAPET,,west,Published,true,true,true,,https://turbofix.in/locations/kokapet,Live page — verified and indexable.
Kollur,OSMAN NAGAR | KOLLUR,,west,Published,true,true,true,,https://turbofix.in/locations/kollur,Live page — verified and indexable.
Kompally,KOMPALLY | SUCHITRA | MEDCHAL,,north,Published,true,true,true,,https://turbofix.in/locations/kompally,Live page — verified and indexable.
Kondapur,WEST HYDERABAD / IT CORRIDOR | KONDAPUR | HAFEEZPET,,west,Published,true,true,true,,https://turbofix.in/locations/kondapur,Live page — verified and indexable.
Kongara Kalan,AIRPORT / SOUTH / ADIBATLA | AIRPORT / SOUTH / KONGARA KALAN | AIRPORT / SOUTH / TUKKUGUDA | AIRPORT / SOUTH / MAHESHWARAM,,outskirts,Published,true,true,true,,https://turbofix.in/locations/kongara-kalan,Live page — verified and indexable.
Kothaguda,MADHAPUR | KONDAPUR,,west,Published,true,true,true,,https://turbofix.in/locations/kothaguda,Live page — verified and indexable.
Kothapet,LB NAGAR / EAST / SOUTH-EAST | KOTHAPET | DILSUKHNAGAR | SAROORNAGAR | NAGOLE,,east,Published,true,true,true,,https://turbofix.in/locations/kothapet,Live page — verified and indexable.
Kothwalguda,AIRPORT / SOUTH / SHAMSHABAD,,south,Published,true,true,true,,https://turbofix.in/locations/kothwalguda,Live page — verified and indexable.
Koti,CENTRAL HYDERABAD,,central,Published,true,true,true,,https://turbofix.in/locations/koti,Live page — verified and indexable.
Kowkoor,SAINIKPURI,,north,Published,true,true,true,,https://turbofix.in/locations/kowkoor,Live page — verified and indexable.
KPHB,KUKATPALLY / NORTHWEST | PRAGATHI NAGAR,,west,Alias / Duplicate,true,true,true,KPHB Colony,https://turbofix.in/locations/kphb,"Same real locality as the published ""KPHB Colony"" page (supplied under a different name/spelling) — not a separate page, avoids duplicate content. Multiple spellings seen in the supplied list: KPHB / KPHB Colony."
Kukatpally,KUKATPALLY / NORTHWEST,,west,Published,true,true,true,,https://turbofix.in/locations/kukatpally,Live page — verified and indexable.
Kulsumpura,NAMPALLY,,central,Published,true,true,true,,https://turbofix.in/locations/kulsumpura,Live page — verified and indexable.
Kuntloor,HAYATHNAGAR,,outskirts,Published,true,true,true,,https://turbofix.in/locations/kuntloor,Live page — verified and indexable.
Kushaiguda,ECIL | AS RAO NAGAR | KAPRA,,north,Published,true,true,true,,https://turbofix.in/locations/kushaiguda,Live page — verified and indexable.
Laad Bazaar,OLD CITY / CHARMINAR,,south,Published,true,true,true,,https://turbofix.in/locations/laad-bazaar,Live page — verified and indexable.
Lakdi Ka Pul,NAMPALLY | LAKDICAPUL / SAIFABAD,,central,Alias / Duplicate,true,true,true,Lakdikapul,https://turbofix.in/locations/lakdikapul,"Same real locality as the published ""Lakdikapul"" page (supplied under a different name/spelling) — not a separate page, avoids duplicate content. Multiple spellings seen in the supplied list: Lakdi Ka Pul / Lakdikapul."
Lalaguda,SECUNDERABAD / NORTH | ADDITIONAL LOCALITIES,,north,Published,true,true,true,,https://turbofix.in/locations/lalaguda,Live page — verified and indexable.
Lalapet,TARNAKA,,north,Published,true,true,true,,https://turbofix.in/locations/lalapet,Live page — verified and indexable.
Langer Houz,MEHDIPATNAM / SOUTH-CENTRAL | TOLICHOWKI | LANGER HOUZ,,south,Published,true,true,true,,https://turbofix.in/locations/langer-houz,Live page — verified and indexable. Multiple spellings seen in the supplied list: Langer Houz / Langer House.
LB Nagar,LB NAGAR / EAST / SOUTH-EAST | KOTHAPET | NAGOLE | MANSOORABAD | CHINTALKUNTA,,east,Published,true,true,true,,https://turbofix.in/locations/lb-nagar,Live page — verified and indexable.
Lingampally,TELLAPUR | CHANDANAGAR | LINGAMPALLY | RC PURAM,,west,Published,true,true,true,,https://turbofix.in/locations/lingampally,Live page — verified and indexable. Multiple spellings seen in the supplied list: Lingampally / Serilingampally.
Lingojiguda,SAROORNAGAR,,east,Published,true,true,true,,https://turbofix.in/locations/lingojiguda,Live page — verified and indexable.
Lothkunta,ALWAL,,north,Published,true,true,true,,https://turbofix.in/locations/lothkunta,Live page — verified and indexable.
Madannapet,OLD CITY / YAKUTPURA | OLD CITY / SAIDABAD | OLD CITY / REIN BAZAAR | OLD CITY / CHANCHALGUDA | OLD CITY / MADANNAPET,,south,Published,true,true,true,,https://turbofix.in/locations/madannapet,Live page — verified and indexable.
Madhapur,WEST HYDERABAD / IT CORRIDOR | MADHAPUR,,west,Published,true,true,true,,https://turbofix.in/locations/madhapur,Live page — verified and indexable.
Madhura Nagar,JUBILEE HILLS | YOUSUFGUDA | AIRPORT / SOUTH / SHAMSHABAD,,central,Published,true,true,true,,https://turbofix.in/locations/madhura-nagar,Live page — verified and indexable.
Madinaguda,MIYAPUR | HAFEEZPET | CHANDANAGAR,,west,Published,true,true,true,,https://turbofix.in/locations/madinaguda,Live page — verified and indexable. Multiple spellings seen in the supplied list: Madinaguda / Madeenaguda.
Maheshwaram,AIRPORT / SOUTH / TUKKUGUDA | AIRPORT / SOUTH / MAHESHWARAM,,outskirts,Published,true,true,true,,https://turbofix.in/locations/maheshwaram,Live page — verified and indexable.
Mailardevpally,ATTAPUR | RAJENDRANAGAR,,south,Published,true,true,true,,https://turbofix.in/locations/mailardevpally,Live page — verified and indexable.
Maktha Mahboobpet,ADDITIONAL LOCALITIES,,west,Published,true,true,true,,https://turbofix.in/locations/maktha-mahboobpet,Live page — verified and indexable.
Malakpet,OLD CITY / MALAKPET | OLD CITY / DABEERPURA | OLD CITY / REIN BAZAAR | OLD CITY / CHANCHALGUDA,,south,Published,true,true,true,,https://turbofix.in/locations/malakpet,Live page — verified and indexable.
Malkajgiri,MALKAJGIRI | MOULA ALI,,north,Published,true,true,true,,https://turbofix.in/locations/malkajgiri,Live page — verified and indexable.
Mallampet,BACHUPALLY | ADDITIONAL LOCALITIES,,west,Published,true,true,true,,https://turbofix.in/locations/mallampet,Live page — verified and indexable.
Mallapur,NACHARAM | MALLAPUR,,north,Published,true,true,true,,https://turbofix.in/locations/mallapur,Live page — verified and indexable.
Mallepally,NAMPALLY | MEHDIPATNAM / SOUTH-CENTRAL,,central,Published,true,true,true,,https://turbofix.in/locations/mallepally,Live page — verified and indexable.
Manchirevula,BATCH 13 — MISSING MASTER-LIST ADDITIONS,,west,Published,true,true,true,,https://turbofix.in/locations/manchirevula,Live page — verified and indexable.
Mangalhat,NAMPALLY,,central,Published,true,true,true,,https://turbofix.in/locations/mangalhat,Live page — verified and indexable.
Manikonda,MANIKONDA | PUPPALAGUDA | NARSINGI,,west,Published,true,true,true,,https://turbofix.in/locations/manikonda,Live page — verified and indexable.
Mansanpally,AIRPORT / SOUTH / MAHESHWARAM,,outskirts,Published,true,true,true,,https://turbofix.in/locations/mansanpally,Live page — verified and indexable.
Mansoorabad,LB NAGAR / EAST / SOUTH-EAST | NAGOLE | MANSOORABAD,,east,Published,true,true,true,,https://turbofix.in/locations/mansoorabad,Live page — verified and indexable.
Marredpally,SECUNDERABAD / NORTH,,north,Published,true,true,true,,https://turbofix.in/locations/marredpally,Live page — verified and indexable.
Maruthi Nagar,DILSUKHNAGAR,,east,Alias / Duplicate,true,true,true,New Maruthi Nagar,https://turbofix.in/locations/new-maruthi-nagar,"Same real locality as the published ""New Maruthi Nagar"" page (supplied under a different name/spelling) — not a separate page, avoids duplicate content."
Masab Tank,NAMPALLY | LAKDICAPUL / SAIFABAD,,central,Published,true,true,true,,https://turbofix.in/locations/masab-tank,Live page — verified and indexable.
Masjid Banda,KONDAPUR,,west,Published,true,true,true,,https://turbofix.in/locations/masjid-banda,Live page — verified and indexable.
Medchal,MEDCHAL | ADDITIONAL LOCALITIES,,north,Published,true,true,true,,https://turbofix.in/locations/medchal,Live page — verified and indexable.
Medipally,UPPAL | BODUPPAL | PEERZADIGUDA | EAST / NORTH-EAST / GHATKESAR | EAST / NORTH-EAST / POCHARAM,,north,Published,true,true,true,,https://turbofix.in/locations/medipally,Live page — verified and indexable.
Meerpet,MEERPET | JILLELAGUDA | BADANGPET,,south,Published,true,true,true,,https://turbofix.in/locations/meerpet,Live page — verified and indexable.
Mehdipatnam,MEHDIPATNAM / SOUTH-CENTRAL | TOLICHOWKI | LANGER HOUZ,,south,Published,true,true,true,,https://turbofix.in/locations/mehdipatnam,Live page — verified and indexable.
Mettuguda,SECUNDERABAD / NORTH | TARNAKA,,north,Published,true,true,true,,https://turbofix.in/locations/mettuguda,Live page — verified and indexable.
Mirjalguda,MALKAJGIRI,,north,Published,true,true,true,,https://turbofix.in/locations/mirjalguda,Live page — verified and indexable.
Miyapur,MIYAPUR | HAFEEZPET | CHANDANAGAR | AMEENPUR,,west,Published,true,true,true,,https://turbofix.in/locations/miyapur,Live page — verified and indexable.
Moghalpura,OLD CITY / CHARMINAR | OLD CITY / SHAHALIBANDA | OLD CITY / MOGHALPURA | OLD CITY / HUSSAINI ALAM | OLD CITY / YAKUTPURA,,south,Published,true,true,true,,https://turbofix.in/locations/moghalpura,Live page — verified and indexable.
Mokila,ADDITIONAL LOCALITIES,,west,Published,true,true,true,,https://turbofix.in/locations/mokila,Live page — verified and indexable.
Moosapet,SANATH NAGAR | ERRAGADDA | KUKATPALLY / NORTHWEST,,central,Published,true,true,true,,https://turbofix.in/locations/moosapet,Live page — verified and indexable.
Moosarambagh,OLD CITY / MALAKPET | OLD CITY / SAIDABAD | OLD CITY / MADANNAPET | DILSUKHNAGAR,,south,Published,true,true,true,,https://turbofix.in/locations/moosarambagh,Live page — verified and indexable. Multiple spellings seen in the supplied list: Moosarambagh / Musarambagh.
Moti Nagar,SR NAGAR | SANATH NAGAR | ERRAGADDA,,central,Published,true,true,true,,https://turbofix.in/locations/moti-nagar,Live page — verified and indexable.
Moula Ali,MALKAJGIRI | MALLAPUR | ECIL | MOULA ALI,,north,Published,true,true,true,,https://turbofix.in/locations/moula-ali,Live page — verified and indexable.
Murad Nagar,NAMPALLY | MEHDIPATNAM / SOUTH-CENTRAL,,south,Published,true,true,true,,https://turbofix.in/locations/murad-nagar,Live page — verified and indexable.
Musheerabad,SECUNDERABAD / NORTH | ADDITIONAL LOCALITIES,,north,Published,true,true,true,,https://turbofix.in/locations/musheerabad,Live page — verified and indexable.
Nacharam,TARNAKA | HABSIGUDA | NACHARAM | MALLAPUR,,north,Published,true,true,true,,https://turbofix.in/locations/nacharam,Live page — verified and indexable.
Nadargul,BADANGPET | AIRPORT / SOUTH / ADIBATLA | AIRPORT / SOUTH / TURKAYAMJAL,,south,Published,true,true,true,,https://turbofix.in/locations/nadargul,Live page — verified and indexable.
Nagaram,KAPRA | AIRPORT / SOUTH / IBRAHIMPATNAM | EAST / NORTH-EAST / KEESARA | EAST / NORTH-EAST / DAMMAIGUDA | EAST / NORTH-EAST / NAGARAM | EAST / NORTH-EAST / RAMPALLY,,outskirts,Published,true,true,true,,https://turbofix.in/locations/nagaram,Live page — verified and indexable.
Nagole,UPPAL | RAMANTHAPUR | BODUPPAL | LB NAGAR / EAST / SOUTH-EAST | KOTHAPET | NAGOLE | MANSOORABAD | BN REDDY NAGAR,,east,Published,true,true,true,,https://turbofix.in/locations/nagole,Live page — verified and indexable.
Nallagandla,GACHIBOWLI | TELLAPUR | OSMAN NAGAR | LINGAMPALLY | KOLLUR | ADDITIONAL LOCALITIES,,west,Published,true,true,true,,https://turbofix.in/locations/nallagandla,Live page — verified and indexable.
Nallakunta,CENTRAL HYDERABAD,,central,Published,true,true,true,,https://turbofix.in/locations/nallakunta,Live page — verified and indexable.
Namalagundu,SECUNDERABAD / NORTH,,north,Published,true,true,true,,https://turbofix.in/locations/namalagundu,Live page — verified and indexable.
Nampally,NAMPALLY,,central,Published,true,true,true,,https://turbofix.in/locations/nampally,Live page — verified and indexable.
Nanakramguda,GACHIBOWLI | FINANCIAL DISTRICT | NANAKRAMGUDA,,west,Published,true,true,true,,https://turbofix.in/locations/nanakramguda,Live page — verified and indexable.
Nanal Nagar,TOLICHOWKI | SHAIKPET,,south,Published,true,true,true,,https://turbofix.in/locations/nanal-nagar,Live page — verified and indexable.
Narayanguda,HIMAYATNAGAR / BASHEERBAGH,,central,Published,true,true,true,,https://turbofix.in/locations/narayanguda,Live page — verified and indexable.
Narsingi,FINANCIAL DISTRICT | NARSINGI,,west,Published,true,true,true,,https://turbofix.in/locations/narsingi,Live page — verified and indexable.
Naveen Nagar,KHAIRATABAD,,central,Published,true,true,true,,https://turbofix.in/locations/naveen-nagar,Live page — verified and indexable.
Nawab Saheb Kunta,OLD CITY / FALAKNUMA,,south,Published,true,true,true,,https://turbofix.in/locations/nawab-saheb-kunta,Live page — verified and indexable.
Nayapul,CENTRAL HYDERABAD,,south,Published,true,true,true,,https://turbofix.in/locations/nayapul,Live page — verified and indexable.
Neknampur,MANIKONDA | PUPPALAGUDA | NARSINGI | ADDITIONAL LOCALITIES,,west,Published,true,true,true,,https://turbofix.in/locations/neknampur,Live page — verified and indexable.
Neredmet,MALKAJGIRI | SAINIKPURI | AS RAO NAGAR | MOULA ALI,,north,Published,true,true,true,,https://turbofix.in/locations/neredmet,Live page — verified and indexable.
Nizampet,NIZAMPET | BACHUPALLY | PRAGATHI NAGAR,,west,Published,true,true,true,,https://turbofix.in/locations/nizampet,Live page — verified and indexable.
Osman Nagar,NANAKRAMGUDA | NARSINGI | KOKAPET | TELLAPUR | OSMAN NAGAR | KOLLUR,,west,Published,true,true,true,,https://turbofix.in/locations/osman-nagar,Live page — verified and indexable.
OU Colony,MANIKONDA | TOLICHOWKI | SHAIKPET,,west,Published,true,true,true,,https://turbofix.in/locations/ou-colony,Live page — verified and indexable.
Padmarao Nagar,SECUNDERABAD / NORTH,,north,Published,true,true,true,,https://turbofix.in/locations/padmarao-nagar,Live page — verified and indexable.
Paramount Hills,TOLICHOWKI,,south,Published,true,true,true,,https://turbofix.in/locations/paramount-hills,Live page — verified and indexable.
Parsigutta,SECUNDERABAD / NORTH,,north,Published,true,true,true,,https://turbofix.in/locations/parsigutta,Live page — verified and indexable.
Pashamylaram,PATANCHERU,,west,Published,true,true,true,,https://turbofix.in/locations/pashamylaram,Live page — verified and indexable.
Pasumamula,HAYATHNAGAR,,outskirts,Published,true,true,true,,https://turbofix.in/locations/pasumamula,Live page — verified and indexable.
Patancheru,PATANCHERU,,west,Published,true,true,true,,https://turbofix.in/locations/patancheru,Live page — verified and indexable.
Patelguda,AMEENPUR,,west,Published,true,true,true,,https://turbofix.in/locations/patelguda,Live page — verified and indexable.
Pathergatti,OLD CITY / CHARMINAR,,south,Published,true,true,true,,https://turbofix.in/locations/pathergatti,Live page — verified and indexable.
Patny,BEGUMPET | SECUNDERABAD / NORTH,,north,Published,true,true,true,,https://turbofix.in/locations/patny,Live page — verified and indexable.
Patrika Nagar,WEST HYDERABAD / IT CORRIDOR | MADHAPUR,,west,Published,true,true,true,,https://turbofix.in/locations/patrika-nagar,Live page — verified and indexable.
Pedda Amberpet,HAYATHNAGAR,,outskirts,Published,true,true,true,,https://turbofix.in/locations/pedda-amberpet,Live page — verified and indexable.
Peerzadiguda,UPPAL | BODUPPAL | PEERZADIGUDA | EAST / NORTH-EAST / POCHARAM,,east,Published,true,true,true,,https://turbofix.in/locations/peerzadiguda,Live page — verified and indexable.
Petbasheerabad,KOMPALLY | SUCHITRA | ADDITIONAL LOCALITIES,,north,Alias / Duplicate,true,true,true,Pet Basheerabad,https://turbofix.in/locations/pet-basheerabad,"Same real locality as the published ""Pet Basheerabad"" page (supplied under a different name/spelling) — not a separate page, avoids duplicate content."
Pocharam,PEERZADIGUDA | EAST / NORTH-EAST / GHATKESAR | EAST / NORTH-EAST / POCHARAM,,east,Published,true,true,true,,https://turbofix.in/locations/pocharam,Live page — verified and indexable.
Pragathi Nagar,KUKATPALLY / NORTHWEST | NIZAMPET | BACHUPALLY | PRAGATHI NAGAR,,west,Published,true,true,true,,https://turbofix.in/locations/pragathi-nagar,Live page — verified and indexable.
Prakash Nagar,BEGUMPET,,central,Published,true,true,true,,https://turbofix.in/locations/prakash-nagar,Live page — verified and indexable.
Prem Nagar,ERRAGADDA,,central,Published,true,true,true,,https://turbofix.in/locations/prem-nagar,Live page — verified and indexable.
Punjagutta,KHAIRATABAD | PUNJAGUTTA | SOMAJIGUDA | AMEERPET,,central,Alias / Duplicate,true,true,true,Panjagutta,https://turbofix.in/locations/panjagutta,"Same real locality as the published ""Panjagutta"" page (supplied under a different name/spelling) — not a separate page, avoids duplicate content."
Puppalaguda,NANAKRAMGUDA | MANIKONDA | PUPPALAGUDA | NARSINGI,,west,Published,true,true,true,,https://turbofix.in/locations/puppalaguda,Live page — verified and indexable.
Puranapul,OLD CITY / BAHADURPURA,,south,Published,true,true,true,,https://turbofix.in/locations/puranapul,Live page — verified and indexable.
Putlibowli,CENTRAL HYDERABAD,,central,Published,true,true,true,,https://turbofix.in/locations/putlibowli,Live page — verified and indexable.
Quthbullapur,SUCHITRA | ADDITIONAL LOCALITIES,,north,Published,true,true,true,,https://turbofix.in/locations/quthbullapur,Live page — verified and indexable.
Raghavendra Colony,KONDAPUR,,west,Published,true,true,true,,https://turbofix.in/locations/raghavendra-colony,Live page — verified and indexable.
Raidurg,WEST HYDERABAD / IT CORRIDOR | RAIDURG,,west,Published,true,true,true,,https://turbofix.in/locations/raidurg,Live page — verified and indexable. Multiple spellings seen in the supplied list: Raidurg / Raidurgam.
Raja Rajeshwari Nagar,MADHAPUR | KONDAPUR,,west,Alias / Duplicate,true,true,true,Raja Rajeshwari Colony,https://turbofix.in/locations/raja-rajeshwari-colony,"Same real locality as the published ""Raja Rajeshwari Colony"" page (supplied under a different name/spelling) — not a separate page, avoids duplicate content. Multiple spellings seen in the supplied list: Raja Rajeshwari Nagar / Raja Rajeshwari Colony."
Rajendranagar,RAJENDRANAGAR,,south,Published,true,true,true,,https://turbofix.in/locations/rajendranagar,Live page — verified and indexable.
Ramanthapur,HABSIGUDA | UPPAL | RAMANTHAPUR,,north,Published,true,true,true,,https://turbofix.in/locations/ramanthapur,Live page — verified and indexable.
Ramkoti,CENTRAL HYDERABAD,,central,Published,true,true,true,,https://turbofix.in/locations/ramkoti,Live page — verified and indexable.
Ramnagar,ADDITIONAL LOCALITIES,,north,Published,true,true,true,,https://turbofix.in/locations/ramnagar,Live page — verified and indexable.
Rampally,EAST / NORTH-EAST / KEESARA | EAST / NORTH-EAST / DAMMAIGUDA | EAST / NORTH-EAST / NAGARAM | EAST / NORTH-EAST / RAMPALLY,,outskirts,Published,true,true,true,,https://turbofix.in/locations/rampally,Live page — verified and indexable.
Rani Gunj,SECUNDERABAD / NORTH,,north,Published,true,true,true,,https://turbofix.in/locations/rani-gunj,Live page — verified and indexable. Multiple spellings seen in the supplied list: Rani Gunj / Ranigunj.
Rashidguda,AIRPORT / SOUTH / SHAMSHABAD,,south,Alias / Duplicate,true,true,true,Rasheedguda,https://turbofix.in/locations/rasheedguda,"Same real locality as the published ""Rasheedguda"" page (supplied under a different name/spelling) — not a separate page, avoids duplicate content."
Rasoolpura,BEGUMPET | SECUNDERABAD / NORTH | ADDITIONAL LOCALITIES,,north,Published,true,true,true,,https://turbofix.in/locations/rasoolpura,Live page — verified and indexable.
Raviryal,AIRPORT / SOUTH / ADIBATLA | AIRPORT / SOUTH / KONGARA KALAN | AIRPORT / SOUTH / TUKKUGUDA | AIRPORT / SOUTH / MAHESHWARAM,,outskirts,Published,true,true,true,,https://turbofix.in/locations/raviryal,Live page — verified and indexable.
Red Hills,NAMPALLY | LAKDICAPUL / SAIFABAD,,central,Published,true,true,true,,https://turbofix.in/locations/red-hills,Live page — verified and indexable.
Rein Bazaar,OLD CITY / DABEERPURA | OLD CITY / YAKUTPURA | OLD CITY / SANTOSHNAGAR | OLD CITY / REIN BAZAAR | OLD CITY / MADANNAPET,,south,Published,true,true,true,,https://turbofix.in/locations/rein-bazaar,Live page — verified and indexable.
Riyasat Nagar,OLD CITY / CHANDRAYANGUTTA | OLD CITY / BARKAS,,south,Published,true,true,true,,https://turbofix.in/locations/riyasat-nagar,Live page — verified and indexable.
RK Puram,SAROORNAGAR,,east,Published,true,true,true,,https://turbofix.in/locations/rk-puram,Live page — verified and indexable.
Safilguda,MALKAJGIRI | MOULA ALI,,north,Published,true,true,true,,https://turbofix.in/locations/safilguda,Live page — verified and indexable.
Saidabad,OLD CITY / SANTOSHNAGAR | OLD CITY / SAIDABAD | OLD CITY / CHANCHALGUDA | OLD CITY / MADANNAPET,,south,Published,true,true,true,,https://turbofix.in/locations/saidabad,Live page — verified and indexable.
Saifabad,LAKDICAPUL / SAIFABAD | KHAIRATABAD,,central,Published,true,true,true,,https://turbofix.in/locations/saifabad,Live page — verified and indexable.
Sainikpuri,MALKAJGIRI | SAINIKPURI | ECIL | AS RAO NAGAR | EAST / NORTH-EAST / DAMMAIGUDA,,north,Published,true,true,true,,https://turbofix.in/locations/sainikpuri,Live page — verified and indexable.
Sanath Nagar,SANATH NAGAR | ERRAGADDA,,central,Published,true,true,true,,https://turbofix.in/locations/sanath-nagar,Live page — verified and indexable.
Sanjeeva Reddy Nagar,SOMAJIGUDA | AMEERPET | SR NAGAR,,central,Alias / Duplicate,true,true,true,SR Nagar,https://turbofix.in/locations/sr-nagar,"Same real locality as the published ""SR Nagar"" page (supplied under a different name/spelling) — not a separate page, avoids duplicate content. Multiple spellings seen in the supplied list: Sanjeeva Reddy Nagar / SR Nagar."
Santosh Nagar,OLD CITY / KANCHANBAGH | OLD CITY / SANTOSHNAGAR | OLD CITY / SAIDABAD | OLD CITY / MADANNAPET,,south,Alias / Duplicate,true,true,true,Santoshnagar,https://turbofix.in/locations/santoshnagar,"Same real locality as the published ""Santoshnagar"" page (supplied under a different name/spelling) — not a separate page, avoids duplicate content."
Saroornagar,LB NAGAR / EAST / SOUTH-EAST | KOTHAPET | DILSUKHNAGAR | SAROORNAGAR | MANSOORABAD,,east,Alias / Duplicate,true,true,true,Saroor Nagar,https://turbofix.in/locations/saroor-nagar,"Same real locality as the published ""Saroor Nagar"" page (supplied under a different name/spelling) — not a separate page, avoids duplicate content."
Secunderabad,SECUNDERABAD / NORTH,,north,Published,true,true,true,,https://turbofix.in/locations/secunderabad,Live page — verified and indexable.
Seetaram Bagh,NAMPALLY,,central,Published,true,true,true,,https://turbofix.in/locations/seetaram-bagh,Live page — verified and indexable.
Shahalibanda,OLD CITY / CHARMINAR | OLD CITY / SHAHALIBANDA | OLD CITY / MOGHALPURA | OLD CITY / HUSSAINI ALAM,,south,Published,true,true,true,,https://turbofix.in/locations/shahalibanda,Live page — verified and indexable.
Shaikpet,JUBILEE HILLS | MANIKONDA | TOLICHOWKI | SHAIKPET | LANGER HOUZ,,south,Published,true,true,true,,https://turbofix.in/locations/shaikpet,Live page — verified and indexable.
Shamirpet,EAST / NORTH-EAST / JAWAHAR NAGAR | EAST / NORTH-EAST / SHAMIRPET,,outskirts,Published,true,true,true,,https://turbofix.in/locations/shamirpet,Live page — verified and indexable.
Shamshabad,AIRPORT / SOUTH / SHAMSHABAD,,south,Published,true,true,true,,https://turbofix.in/locations/shamshabad,Live page — verified and indexable.
Shanti Nagar,NAMPALLY | LAKDICAPUL / SAIFABAD,,central,Published,true,true,true,,https://turbofix.in/locations/shanti-nagar,Live page — verified and indexable.
Shivrampally,ATTAPUR | RAJENDRANAGAR,,south,Published,true,true,true,,https://turbofix.in/locations/shivrampally,Live page — verified and indexable.
Sikh Village,SECUNDERABAD / NORTH | BOWENPALLY | TRIMULGHERRY,,north,Published,true,true,true,,https://turbofix.in/locations/sikh-village,Live page — verified and indexable.
Sindhi Colony,BEGUMPET | SECUNDERABAD / NORTH,,central,Published,true,true,true,,https://turbofix.in/locations/sindhi-colony,Live page — verified and indexable.
Sitaphalmandi,SECUNDERABAD / NORTH | TARNAKA,,north,Published,true,true,true,,https://turbofix.in/locations/sitaphalmandi,Live page — verified and indexable.
Snehapuri Colony,NAGOLE,,east,Published,true,true,true,,https://turbofix.in/locations/snehapuri-colony,Live page — verified and indexable.
Somajiguda,KHAIRATABAD | PUNJAGUTTA | SOMAJIGUDA | BEGUMPET,,central,Published,true,true,true,,https://turbofix.in/locations/somajiguda,Live page — verified and indexable.
Srinagar Colony,PUNJAGUTTA | AMEERPET,,central,Published,true,true,true,,https://turbofix.in/locations/srinagar-colony,Live page — verified and indexable.
Suchitra,KOMPALLY | SUCHITRA | ADDITIONAL LOCALITIES,,north,Published,true,true,true,,https://turbofix.in/locations/suchitra,Live page — verified and indexable.
Suleman Nagar,ATTAPUR | RAJENDRANAGAR,,south,Published,true,true,true,,https://turbofix.in/locations/suleman-nagar,Live page — verified and indexable.
Sultan Bazaar,CENTRAL HYDERABAD,,central,Published,true,true,true,,https://turbofix.in/locations/sultan-bazaar,Live page — verified and indexable.
Suraram,BACHUPALLY | ADDITIONAL LOCALITIES,,west,Published,true,true,true,,https://turbofix.in/locations/suraram,Live page — verified and indexable.
Tadbund,SECUNDERABAD / NORTH | BOWENPALLY,,north,Published,true,true,true,,https://turbofix.in/locations/tadbund,Live page — verified and indexable.
Talabchanchalam,OLD CITY / SANTOSHNAGAR,,south,Published,true,true,true,,https://turbofix.in/locations/talabchanchalam,Live page — verified and indexable.
Tarnaka,TARNAKA | HABSIGUDA | NACHARAM,,north,Published,true,true,true,,https://turbofix.in/locations/tarnaka,Live page — verified and indexable.
Tellapur,TELLAPUR | OSMAN NAGAR | LINGAMPALLY | KOLLUR,,west,Published,true,true,true,,https://turbofix.in/locations/tellapur,Live page — verified and indexable.
Thumkunta,EAST / NORTH-EAST / SHAMIRPET,,outskirts,Published,true,true,true,,https://turbofix.in/locations/thumkunta,Live page — verified and indexable.
Tilak Nagar,RAMANTHAPUR | ADDITIONAL LOCALITIES,,central,Published,true,true,true,,https://turbofix.in/locations/tilak-nagar,Live page — verified and indexable.
Tolichowki,TOLICHOWKI | LANGER HOUZ,,south,Published,true,true,true,,https://turbofix.in/locations/tolichowki,Live page — verified and indexable.
Trimulgherry,BOWENPALLY | TRIMULGHERRY,,north,Published,true,true,true,,https://turbofix.in/locations/trimulgherry,Live page — verified and indexable.
Troop Bazaar,CENTRAL HYDERABAD,,central,Published,true,true,true,,https://turbofix.in/locations/troop-bazaar,Live page — verified and indexable.
Tukkuguda,AIRPORT / SOUTH / KONGARA KALAN | AIRPORT / SOUTH / TUKKUGUDA | AIRPORT / SOUTH / MAHESHWARAM,,outskirts,Published,true,true,true,,https://turbofix.in/locations/tukkuguda,Live page — verified and indexable.
Turkapally,ALWAL | EAST / NORTH-EAST / SHAMIRPET,,outskirts,Published,true,true,true,,https://turbofix.in/locations/turkapally,Live page — verified and indexable.
Turkayamjal,AIRPORT / SOUTH / ADIBATLA | AIRPORT / SOUTH / TURKAYAMJAL | AIRPORT / SOUTH / IBRAHIMPATNAM,,outskirts,Published,true,true,true,,https://turbofix.in/locations/turkayamjal,Live page — verified and indexable.
Uppal,HABSIGUDA | UPPAL | RAMANTHAPUR | NACHARAM | MALLAPUR | BODUPPAL | PEERZADIGUDA | NAGOLE,,north,Published,true,true,true,,https://turbofix.in/locations/uppal,Live page — verified and indexable.
Upparpally,ATTAPUR,,south,Published,true,true,true,,https://turbofix.in/locations/upparpally,Live page — verified and indexable.
Uppuguda,OLD CITY / CHANDRAYANGUTTA,,south,Published,true,true,true,,https://turbofix.in/locations/uppuguda,Live page — verified and indexable.
Vampuguda,ADDITIONAL LOCALITIES,,north,Published,true,true,true,,https://turbofix.in/locations/vampuguda,Live page — verified and indexable.
Vanasthalipuram,VANASTHALIPURAM | HASTHINAPURAM | BN REDDY NAGAR | HAYATHNAGAR | CHINTALKUNTA,,east,Published,true,true,true,,https://turbofix.in/locations/vanasthalipuram,Live page — verified and indexable.
Velimela,KOLLUR | ADDITIONAL LOCALITIES,,west,Published,true,true,true,,https://turbofix.in/locations/velimela,Live page — verified and indexable.
Vengal Rao Nagar,AMEERPET | SR NAGAR | YOUSUFGUDA,,central,Published,true,true,true,,https://turbofix.in/locations/vengal-rao-nagar,Live page — verified and indexable.
Venkatapuram,ALWAL,,north,Published,true,true,true,,https://turbofix.in/locations/venkatapuram,Live page — verified and indexable.
Venkataramana Colony,KHAIRATABAD,,central,Published,true,true,true,,https://turbofix.in/locations/venkataramana-colony,Live page — verified and indexable.
Vidyanagar,ADDITIONAL LOCALITIES,,central,Published,true,true,true,,https://turbofix.in/locations/vidyanagar,Live page — verified and indexable.
Vijayanagar Colony,NAMPALLY | MEHDIPATNAM / SOUTH-CENTRAL,,central,Published,true,true,true,,https://turbofix.in/locations/vijayanagar-colony,Live page — verified and indexable.
Vinayak Nagar,MALKAJGIRI,,north,Published,true,true,true,,https://turbofix.in/locations/vinayak-nagar,Live page — verified and indexable.
Vittal Rao Nagar,WEST HYDERABAD / IT CORRIDOR | MADHAPUR,,west,Published,true,true,true,,https://turbofix.in/locations/vittal-rao-nagar,Live page — verified and indexable.
Vittalwadi,HIMAYATNAGAR / BASHEERBAGH,,central,Published,true,true,true,,https://turbofix.in/locations/vittalwadi,Live page — verified and indexable.
Vivekananda Nagar,KUKATPALLY / NORTHWEST,,west,Published,true,true,true,,https://turbofix.in/locations/vivekananda-nagar,Live page — verified and indexable.
Warsiguda,SECUNDERABAD / NORTH,,north,Published,true,true,true,,https://turbofix.in/locations/warsiguda,Live page — verified and indexable.
Yadgarpally,EAST / NORTH-EAST / KEESARA,,outskirts,Published,true,true,true,,https://turbofix.in/locations/yadgarpally,Live page — verified and indexable.
Yakutpura,OLD CITY / CHARMINAR | OLD CITY / MOGHALPURA | OLD CITY / HUSSAINI ALAM | OLD CITY / DABEERPURA | OLD CITY / YAKUTPURA | OLD CITY / REIN BAZAAR | OLD CITY / CHANCHALGUDA,,south,Published,true,true,true,,https://turbofix.in/locations/yakutpura,Live page — verified and indexable.
Yapral,SECUNDERABAD / NORTH | ALWAL | SAINIKPURI | EAST / NORTH-EAST / DAMMAIGUDA | EAST / NORTH-EAST / JAWAHAR NAGAR | EAST / NORTH-EAST / SHAMIRPET,,north,Published,true,true,true,,https://turbofix.in/locations/yapral,Live page — verified and indexable.
Yellareddyguda,PUNJAGUTTA | AMEERPET,,central,Published,true,true,true,,https://turbofix.in/locations/yellareddyguda,Live page — verified and indexable.
Yousufguda,JUBILEE HILLS | AMEERPET | SR NAGAR | YOUSUFGUDA,,central,Published,true,true,true,,https://turbofix.in/locations/yousufguda,Live page — verified and indexable.
Zamistanpur,ADDITIONAL LOCALITIES,,north,Published,true,true,true,,https://turbofix.in/locations/zamistanpur,Live page — verified and indexable.
Abids Circle,CENTRAL HYDERABAD,Abids,central,Sub-unit (not standalone),false,false,false,,,"This names a road, junction, or transit stop, not a residential locality with its own identity. Likely within/near ""Abids"". Not a standalone-page candidate."
Aerospace SEZ,AIRPORT / SOUTH / ADIBATLA,Adibatla,outskirts,Sub-unit (not standalone),false,false,false,,,"This names a landmark, IT park, campus, or commercial complex, not a residential locality. Likely within/near ""Adibatla"". Not a standalone-page candidate."
Airport Road,BEGUMPET | AIRPORT / SOUTH / SHAMSHABAD | AIRPORT / SOUTH / TUKKUGUDA,Begumpet,central,Sub-unit (not standalone),false,false,false,,,"This names a road, junction, or transit stop, not a residential locality with its own identity. Likely within/near ""Begumpet"". Not a standalone-page candidate."
Akbarbagh,OLD CITY / MALAKPET,Malakpet,south,Sub-unit (not standalone),false,false,false,,,"Confirmed to be a named sub-colony/enclave inside ""Malakpet"", not a distinct standalone locality. Covered under the parent page."
Alkapur Township,MANIKONDA | PUPPALAGUDA,Manikonda,west,Sub-unit (not standalone),false,false,false,,,"Confirmed to be a named sub-colony/enclave inside ""Manikonda"", not a distinct standalone locality. Covered under the parent page."
Alkapuri,NAGOLE | MANSOORABAD,Nagole,east,Draft — needs verification,false,false,false,,,"Two prior research passes are now in direct conflict, and a third pass did not resolve them. The repo's own master-list internal section tagging groups this entry with Nagole/Mansoorabad, and an official 2009 GHMC boundary text places it on the Kothapet-Nagole border. But a third pass found convergent evidence across 3 independent locality aggregators (onefivenine, findlatitudeandlongitude, 99acres) that pincode 500035 (Kothapet-side, RK Puram sub-locality, Lal Bahadur Nagar constituency) — not 500068 (Nagole) — is Alkapuri's pincode; no standalone ""Alkapuri"" ward exists in the current official ward list either way. The pincode evidence is only medium-confidence (real-estate aggregators, not a street-level GHMC/TSEC map) and directly contradicts the master list's own tagging — genuinely unresolved, not a case of insufficient research effort."
Ameerpet X Road,AMEERPET,Ameerpet,central,Sub-unit (not standalone),false,false,false,,,"This names a road, junction, or transit stop, not a residential locality with its own identity. Likely within/near ""Ameerpet"". Not a standalone-page candidate."
Anand Banjara,KHAIRATABAD,Banjara Hills,central,Sub-unit (not standalone),false,false,false,,,"Confirmed to be a named sub-colony/enclave inside ""Banjara Hills"", not a distinct standalone locality. Covered under the parent page."
Anand Banjara Colony,BANJARA HILLS,Banjara Hills,central,Sub-unit (not standalone),false,false,false,,,"Confirmed to be a named sub-colony/enclave inside ""Banjara Hills"", not a distinct standalone locality. Covered under the parent page."
Anand Nagar,LAKDICAPUL / SAIFABAD | KHAIRATABAD | SOMAJIGUDA,Khairatabad,central,Sub-unit (not standalone),false,false,false,,,"Confirmed to be a named sub-colony/enclave inside ""Khairatabad"", not a distinct standalone locality. Covered under the parent page."
Aramghar,BATCH 13 — MISSING MASTER-LIST ADDITIONS,Attapur,unknown,Sub-unit (not standalone),false,false,false,,,"Confirmed to be a named sub-colony/enclave inside ""Attapur"", not a distinct standalone locality. Covered under the parent page."
Auto Nagar,VANASTHALIPURAM,Vanasthalipuram,east,Sub-unit (not standalone),false,false,false,,,"Confirmed to be a named sub-colony/enclave inside ""Vanasthalipuram"", not a distinct standalone locality. Covered under the parent page."
Bachupally Road,MIYAPUR,Miyapur,west,Sub-unit (not standalone),false,false,false,,,"This names a road, junction, or transit stop, not a residential locality with its own identity. Likely within/near ""Miyapur"". Not a standalone-page candidate."
Bagh Amberpet,ADDITIONAL LOCALITIES,Amberpet,unknown,Sub-unit (not standalone),false,false,false,,,"Confirmed to be a named sub-colony/enclave inside ""Amberpet"", not a distinct standalone locality. Covered under the parent page."
Bakaram,ADDITIONAL LOCALITIES,Kavadiguda,unknown,Sub-unit (not standalone),false,false,false,,,"Confirmed to be a named sub-colony/enclave inside ""Kavadiguda"", not a distinct standalone locality. Covered under the parent page."
Balamrai,BOWENPALLY,Rasoolpura,north,Sub-unit (not standalone),false,false,false,,,"Confirmed to be a named sub-colony/enclave inside ""Rasoolpura"", not a distinct standalone locality. Covered under the parent page."
Bandlaguda,OLD CITY / CHANDRAYANGUTTA | OLD CITY / BARKAS | OLD CITY / KANCHANBAGH | NAGOLE,Chandrayangutta,south,Draft — needs verification,false,false,false,,,"Confirmed via the master list's own internal section tagging that ""Bandlaguda"" was sourced from two non-adjacent clusters simultaneously — the Old City cluster (matching the published Barkas/Chandrayangutta/Kanchanbagh pages' own tags) AND a separate Nagole tag — directly proving the supplied entry conflates at least two genuinely distinct, non-adjacent real places (the Old-City Bandlaguda near Chandrayangutta/Falaknuma, pincode 500058, and the fully separate Bandlaguda Jagir Municipal Corporation in Rangareddy district, pincode 500086), on top of the previously-found Nagole/Keshogiri pincode variants. A third pass found a THIRD officially-documented entity — an India Post ""GSI (SR) Bandlaguda"" sub-office, Hayathnagar taluk, pincode 500068 — which further confirms (does not resolve) the conflation: a genuinely multi-site name unfit for a single locality page."
Banjara Kamal,BANJARA HILLS,Banjara Hills,central,Sub-unit (not standalone),false,false,false,,,"Confirmed to be a named sub-colony/enclave inside ""Banjara Hills"", not a distinct standalone locality. Covered under the parent page."
Banjara Saman,BANJARA HILLS,Banjara Hills,central,Sub-unit (not standalone),false,false,false,,,"Confirmed to be a named sub-colony/enclave inside ""Banjara Hills"", not a distinct standalone locality. Covered under the parent page."
Bank Street,CENTRAL HYDERABAD,Abids,central,Sub-unit (not standalone),false,false,false,,,"This names a road, junction, or transit stop, not a residential locality with its own identity. Likely within/near ""Abids"". Not a standalone-page candidate."
Bazar Ghat,NAMPALLY,Nampally,central,Sub-unit (not standalone),false,false,false,,,"This names a landmark, IT park, campus, or commercial complex, not a residential locality. Likely within/near ""Nampally"". Not a standalone-page candidate."
Begumpet Railway Station,BEGUMPET,Begumpet,central,Sub-unit (not standalone),false,false,false,,,"This names a road, junction, or transit stop, not a residential locality with its own identity. Likely within/near ""Begumpet"". Not a standalone-page candidate."
BHEL HIG,RC PURAM,RC Puram,west,Sub-unit (not standalone),false,false,false,,,"Confirmed to be a named sub-colony/enclave inside ""RC Puram"", not a distinct standalone locality. Covered under the parent page."
BHEL MIG,RC PURAM,RC Puram,west,Sub-unit (not standalone),false,false,false,,,"Confirmed to be a named sub-colony/enclave inside ""RC Puram"", not a distinct standalone locality. Covered under the parent page."
Bhola Nagar,BANJARA HILLS,Banjara Hills,central,Sub-unit (not standalone),false,false,false,,,"Confirmed to be a named sub-colony/enclave inside ""Banjara Hills"", not a distinct standalone locality. Covered under the parent page."
Biodiversity Road,RAIDURG,Raidurg,west,Sub-unit (not standalone),false,false,false,,,"This names a road, junction, or transit stop, not a residential locality with its own identity. Likely within/near ""Raidurg"". Not a standalone-page candidate."
Botanical Garden,KONDAPUR,Kondapur,west,Sub-unit (not standalone),false,false,false,,,"This names a landmark, IT park, campus, or commercial complex, not a residential locality. Likely within/near ""Kondapur"". Not a standalone-page candidate."
Botanical Garden Road,KONDAPUR,Kondapur,west,Sub-unit (not standalone),false,false,false,,,"This names a road, junction, or transit stop, not a residential locality with its own identity. Likely within/near ""Kondapur"". Not a standalone-page candidate."
CBI Colony,BANJARA HILLS | JUBILEE HILLS,Banjara Hills,central,Sub-unit (not standalone),false,false,false,,,"Confirmed to be a named sub-colony/enclave inside ""Banjara Hills"", not a distinct standalone locality. Covered under the parent page."
Chakripuram,ADDITIONAL LOCALITIES,Kapra,unknown,Sub-unit (not standalone),false,false,false,,,"Confirmed to be a named sub-colony/enclave inside ""Kapra"", not a distinct standalone locality. Covered under the parent page."
Chawani,OLD CITY / MALAKPET | OLD CITY / SAIDABAD,Malakpet,south,Sub-unit (not standalone),false,false,false,,,"Confirmed to be a named sub-colony/enclave inside ""Malakpet"", not a distinct standalone locality. Covered under the parent page."
Chintal Basti,NAMPALLY | LAKDICAPUL / SAIFABAD | KHAIRATABAD,Nampally,central,Sub-unit (not standalone),false,false,false,,,"Confirmed to be a named sub-colony/enclave inside ""Nampally"", not a distinct standalone locality. Covered under the parent page."
Chirag Ali Lane,CENTRAL HYDERABAD,Abids,central,Sub-unit (not standalone),false,false,false,,,"This names a road, junction, or transit stop, not a residential locality with its own identity. Likely within/near ""Abids"". Not a standalone-page candidate."
Clock Tower,SECUNDERABAD / NORTH,Secunderabad,north,Sub-unit (not standalone),false,false,false,,,"This names a landmark, IT park, campus, or commercial complex, not a residential locality. Likely within/near ""Secunderabad"". Not a standalone-page candidate."
Cyber Gateway,WEST HYDERABAD / IT CORRIDOR,HITEC City,west,Sub-unit (not standalone),false,false,false,,,"This names a landmark, IT park, campus, or commercial complex, not a residential locality. Likely within/near ""HITEC City"". Not a standalone-page candidate."
Cyber Hills,WEST HYDERABAD / IT CORRIDOR | MADHAPUR,HITEC City,west,Sub-unit (not standalone),false,false,false,,,"This names a landmark, IT park, campus, or commercial complex, not a residential locality. Likely within/near ""HITEC City"". Not a standalone-page candidate."
Cyber Towers,WEST HYDERABAD / IT CORRIDOR,HITEC City,west,Sub-unit (not standalone),false,false,false,,,"This names a landmark, IT park, campus, or commercial complex, not a residential locality. Likely within/near ""HITEC City"". Not a standalone-page candidate."
Daira,HIMAYATNAGAR / BASHEERBAGH,Himayatnagar,central,Sub-unit (not standalone),false,false,false,,,"Confirmed to be a named sub-colony/enclave inside ""Himayatnagar"", not a distinct standalone locality. Covered under the parent page."
DD Colony,ADDITIONAL LOCALITIES,Amberpet,unknown,Sub-unit (not standalone),false,false,false,,,"Confirmed to be a named sub-colony/enclave inside ""Amberpet"", not a distinct standalone locality. Covered under the parent page."
Defence Colony,MALKAJGIRI | SAINIKPURI,Sainikpuri,north,Sub-unit (not standalone),false,false,false,,,"Confirmed to be a named sub-colony/enclave inside ""Sainikpuri"", not a distinct standalone locality. Covered under the parent page."
Dharam Karam Road,AMEERPET,Ameerpet,central,Sub-unit (not standalone),false,false,false,,,"This names a road, junction, or transit stop, not a residential locality with its own identity. Likely within/near ""Ameerpet"". Not a standalone-page candidate."
DLF,GACHIBOWLI,Gachibowli,west,Sub-unit (not standalone),false,false,false,,,"This names a landmark, IT park, campus, or commercial complex, not a residential locality. Likely within/near ""Gachibowli"". Not a standalone-page candidate."
DLF Cyber City,GACHIBOWLI,Gachibowli,west,Sub-unit (not standalone),false,false,false,,,"This names a landmark, IT park, campus, or commercial complex, not a residential locality. Likely within/near ""Gachibowli"". Not a standalone-page candidate."
Doctors Colony,SAROORNAGAR,Saroor Nagar,east,Sub-unit (not standalone),false,false,false,,,"Confirmed to be a named sub-colony/enclave inside ""Saroor Nagar"", not a distinct standalone locality. Covered under the parent page."
DRDO,OLD CITY / KANCHANBAGH,Kanchanbagh,south,Sub-unit (not standalone),false,false,false,,,"Confirmed to be a named sub-colony/enclave inside ""Kanchanbagh"", not a distinct standalone locality. Covered under the parent page."
Dulapally,KOMPALLY,Kompally,north,Sub-unit (not standalone),false,false,false,,,"Confirmed to be a named sub-colony/enclave inside ""Kompally"", not a distinct standalone locality. Covered under the parent page."
Durgam Cheruvu,WEST HYDERABAD / IT CORRIDOR | MADHAPUR | RAIDURG,HITEC City,west,Sub-unit (not standalone),false,false,false,,,"This names a landmark, IT park, campus, or commercial complex, not a residential locality. Likely within/near ""HITEC City"". Not a standalone-page candidate."
East Anandbagh,MALKAJGIRI | MOULA ALI,Anandbagh,north,Sub-unit (not standalone),false,false,false,,,"Confirmed to be a named sub-colony/enclave inside ""Anandbagh"", not a distinct standalone locality. Covered under the parent page."
East Marredpally,SECUNDERABAD / NORTH,Marredpally,north,Sub-unit (not standalone),false,false,false,,,"Confirmed to be a named sub-colony/enclave inside ""Marredpally"", not a distinct standalone locality. Covered under the parent page."
Edi Bazaar,OLD CITY / SHAHALIBANDA,Falaknuma,south,Sub-unit (not standalone),false,false,false,,,"Confirmed to be a named sub-colony/enclave inside ""Falaknuma"", not a distinct standalone locality. Covered under the parent page."
Esamia Bazaar,CENTRAL HYDERABAD,Abids,central,Sub-unit (not standalone),false,false,false,,,"This names a landmark, IT park, campus, or commercial complex, not a residential locality. Likely within/near ""Abids"". Not a standalone-page candidate."
ESI,SR NAGAR,SR Nagar,central,Sub-unit (not standalone),false,false,false,,,"Confirmed to be a named sub-colony/enclave inside ""SR Nagar"", not a distinct standalone locality. Covered under the parent page."
ESI Hospital Area,ERRAGADDA,Erragadda,central,Sub-unit (not standalone),false,false,false,,,"This names a road, junction, or transit stop, not a residential locality with its own identity. Likely within/near ""Erragadda"". Not a standalone-page candidate."
Falaknuma Palace Area,OLD CITY / FALAKNUMA,Falaknuma,south,Sub-unit (not standalone),false,false,false,,,"This names a road, junction, or transit stop, not a residential locality with its own identity. Likely within/near ""Falaknuma"". Not a standalone-page candidate."
Falaknuma Road,OLD CITY / SHAHALIBANDA,Shahalibanda,south,Sub-unit (not standalone),false,false,false,,,"This names a road, junction, or transit stop, not a residential locality with its own identity. Likely within/near ""Shahalibanda"". Not a standalone-page candidate."
Financial District Road,KOKAPET,Kokapet,west,Sub-unit (not standalone),false,false,false,,,"This names a road, junction, or transit stop, not a residential locality with its own identity. Likely within/near ""Kokapet"". Not a standalone-page candidate."
Gachibowli Stadium,GACHIBOWLI,Gachibowli,west,Sub-unit (not standalone),false,false,false,,,"This names a landmark, IT park, campus, or commercial complex, not a residential locality. Likely within/near ""Gachibowli"". Not a standalone-page candidate."
Gaganmahal,HIMAYATNAGAR / BASHEERBAGH,Himayatnagar,central,Sub-unit (not standalone),false,false,false,,,"Confirmed to be a named sub-colony/enclave inside ""Himayatnagar"", not a distinct standalone locality. Covered under the parent page."
Galaxy,TOLICHOWKI,Tolichowki,south,Sub-unit (not standalone),false,false,false,,,"This names a landmark, IT park, campus, or commercial complex, not a residential locality. Likely within/near ""Tolichowki"". Not a standalone-page candidate."
Gandimaisamma,BATCH 13 — MISSING MASTER-LIST ADDITIONS,Dundigal,unknown,Sub-unit (not standalone),false,false,false,,,"Confirmed to be a named sub-colony/enclave inside ""Dundigal"", not a distinct standalone locality. Covered under the parent page."
Gandipet Road,PUPPALAGUDA | KOKAPET,Puppalaguda,west,Sub-unit (not standalone),false,false,false,,,"This names a road, junction, or transit stop, not a residential locality with its own identity. Likely within/near ""Puppalaguda"". Not a standalone-page candidate."
GAR,FINANCIAL DISTRICT,Financial District,west,Sub-unit (not standalone),false,false,false,,,"Confirmed to be a named sub-colony/enclave inside ""Financial District"", not a distinct standalone locality. Covered under the parent page."
General Bazaar,SECUNDERABAD / NORTH,Secunderabad,north,Sub-unit (not standalone),false,false,false,,,"This names a landmark, IT park, campus, or commercial complex, not a residential locality. Likely within/near ""Secunderabad"". Not a standalone-page candidate."
Ghatkesar Road,PEERZADIGUDA,Peerzadiguda,north,Sub-unit (not standalone),false,false,false,,,"This names a road, junction, or transit stop, not a residential locality with its own identity. Likely within/near ""Peerzadiguda"". Not a standalone-page candidate."
Golden Mile,KOKAPET,Kokapet,west,Sub-unit (not standalone),false,false,false,,,"This names a landmark, IT park, campus, or commercial complex, not a residential locality. Likely within/near ""Kokapet"". Not a standalone-page candidate."
Goshamahal Road,NAMPALLY,Nampally,central,Sub-unit (not standalone),false,false,false,,,"This names a road, junction, or transit stop, not a residential locality with its own identity. Likely within/near ""Nampally"". Not a standalone-page candidate."
Greenlands,PUNJAGUTTA | SOMAJIGUDA | BEGUMPET,Begumpet,central,Sub-unit (not standalone),false,false,false,,,"Confirmed to be a named sub-colony/enclave inside ""Begumpet"", not a distinct standalone locality. Covered under the parent page."
Gulzar Houz,OLD CITY / CHARMINAR,Charminar,south,Sub-unit (not standalone),false,false,false,,,"This names a landmark, IT park, campus, or commercial complex, not a residential locality. Likely within/near ""Charminar"". Not a standalone-page candidate."
Hakimpet,JUBILEE HILLS | TOLICHOWKI | EAST / NORTH-EAST / SHAMIRPET,Shamirpet,central,Sub-unit (not standalone),false,false,false,,,"Confirmed to be a named sub-colony/enclave inside ""Shamirpet"", not a distinct standalone locality. Covered under the parent page."
Hasanaliguda,HIMAYATNAGAR / BASHEERBAGH,Himayatnagar,central,Sub-unit (not standalone),false,false,false,,,"Confirmed to be a named sub-colony/enclave inside ""Himayatnagar"", not a distinct standalone locality. Covered under the parent page."
HB Colony,MOULA ALI | MEERPET,Moula Ali,north,Sub-unit (not standalone),false,false,false,,,"Confirmed to be a named sub-colony/enclave inside ""Moula Ali"", not a distinct standalone locality. Covered under the parent page."
Himayath Sagar Road,NARSINGI,Narsingi,west,Sub-unit (not standalone),false,false,false,,,"This names a road, junction, or transit stop, not a residential locality with its own identity. Likely within/near ""Narsingi"". Not a standalone-page candidate."
Himayatnagar Road,HIMAYATNAGAR / BASHEERBAGH,Himayatnagar,central,Sub-unit (not standalone),false,false,false,,,"This names a road, junction, or transit stop, not a residential locality with its own identity. Likely within/near ""Himayatnagar"". Not a standalone-page candidate."
Himayatsagar Road,RAJENDRANAGAR,Rajendranagar,south,Sub-unit (not standalone),false,false,false,,,"This names a road, junction, or transit stop, not a residential locality with its own identity. Likely within/near ""Rajendranagar"". Not a standalone-page candidate."
HUDA Colony,CHANDANAGAR,Chandanagar,west,Sub-unit (not standalone),false,false,false,,,"Confirmed to be a named sub-colony/enclave inside ""Chandanagar"", not a distinct standalone locality. Covered under the parent page."
Hyderabad Airport,AIRPORT / SOUTH / SHAMSHABAD,Shamshabad,south,Sub-unit (not standalone),false,false,false,,,"This names a landmark, IT park, campus, or commercial complex, not a residential locality. Likely within/near ""Shamshabad"". Not a standalone-page candidate."
IAS Colony,BANJARA HILLS,Banjara Hills,central,Sub-unit (not standalone),false,false,false,,,"Confirmed to be a named sub-colony/enclave inside ""Banjara Hills"", not a distinct standalone locality. Covered under the parent page."
Ibrahimpatnam Road,AIRPORT / SOUTH / KONGARA KALAN | AIRPORT / SOUTH / TURKAYAMJAL,Kongara Kalan,outskirts,Sub-unit (not standalone),false,false,false,,,"This names a road, junction, or transit stop, not a residential locality with its own identity. Likely within/near ""Kongara Kalan"". Not a standalone-page candidate."
IDA Bollaram,ADDITIONAL LOCALITIES,Bollaram,unknown,Sub-unit (not standalone),false,false,false,,,"Confirmed to be a named sub-colony/enclave inside ""Bollaram"", not a distinct standalone locality. Covered under the parent page."
IDA Patancheru,PATANCHERU,Patancheru,west,Sub-unit (not standalone),false,false,false,,,"Confirmed to be a named sub-colony/enclave inside ""Patancheru"", not a distinct standalone locality. Covered under the parent page."
IDPL,SANATH NAGAR,Sanath Nagar,central,Sub-unit (not standalone),false,false,false,,,"Confirmed to be a named sub-colony/enclave inside ""Sanath Nagar"", not a distinct standalone locality. Covered under the parent page."
IE Sanath Nagar,SANATH NAGAR,Sanath Nagar,central,Sub-unit (not standalone),false,false,false,,,"Confirmed to be a named sub-colony/enclave inside ""Sanath Nagar"", not a distinct standalone locality. Covered under the parent page."
IKEA Area,RAIDURG,Raidurg,west,Sub-unit (not standalone),false,false,false,,,"This names a road, junction, or transit stop, not a residential locality with its own identity. Likely within/near ""Raidurg"". Not a standalone-page candidate."
Image Gardens Road,MADHAPUR,Madhapur,west,Sub-unit (not standalone),false,false,false,,,"This names a road, junction, or transit stop, not a residential locality with its own identity. Likely within/near ""Madhapur"". Not a standalone-page candidate."
Industrial Estate,SANATH NAGAR | NACHARAM,Sanath Nagar,central,Sub-unit (not standalone),false,false,false,,,"Confirmed to be a named sub-colony/enclave inside ""Sanath Nagar"", not a distinct standalone locality. Covered under the parent page."
Infosys SEZ Area,EAST / NORTH-EAST / POCHARAM,Pocharam,east,Sub-unit (not standalone),false,false,false,,,"This names a road, junction, or transit stop, not a residential locality with its own identity. Likely within/near ""Pocharam"". Not a standalone-page candidate."
Injamamoor,HAYATHNAGAR,Hayathnagar,east,Draft — needs verification,false,false,false,,,"No evidence found under this exact name across multiple spelling variants and source types (India Post finder, village directories, real-estate listings). The likely-intended nearby village ""Injapur"" (Hayathnagar-adjacent, now administratively under Abdullapurmet mandal/Turkayamjal Municipality following Abdullapurmet's 2016 carve-out from Hayathnagar, pincode 501510) is itself confirmed real and resolved — but the phonetic/spelling gap between ""Injamamoor"" and ""Injapur"" remains too wide to bridge without an explicit source connecting the two spellings; if ""Injapur"" was actually intended, it would need to be raised as a new, separately-named candidate rather than treated as a resolution of this entry."
Iqbal Minar Area,LAKDICAPUL / SAIFABAD,Lakdikapul,central,Sub-unit (not standalone),false,false,false,,,"This names a road, junction, or transit stop, not a residential locality with its own identity. Likely within/near ""Lakdikapul"". Not a standalone-page candidate."
IS Sadan,OLD CITY / CHANDRAYANGUTTA | OLD CITY / SANTOSHNAGAR | OLD CITY / SAIDABAD,Saidabad,south,Sub-unit (not standalone),false,false,false,,,"Confirmed to be a named sub-colony/enclave inside ""Saidabad"", not a distinct standalone locality. Covered under the parent page."
Jali Hanuman,NAMPALLY,Nampally,central,Sub-unit (not standalone),false,false,false,,,"This names a landmark, IT park, campus, or commercial complex, not a residential locality. Likely within/near ""Nampally"". Not a standalone-page candidate."
James Street,SECUNDERABAD / NORTH,Secunderabad,north,Sub-unit (not standalone),false,false,false,,,"This names a road, junction, or transit stop, not a residential locality with its own identity. Likely within/near ""Secunderabad"". Not a standalone-page candidate."
Janapriya Nagar,HAFEEZPET,Hafeezpet,west,Sub-unit (not standalone),false,false,false,,,"Confirmed to be a named sub-colony/enclave inside ""Hafeezpet"", not a distinct standalone locality. Covered under the parent page."
Jawahar Nagar,EAST / NORTH-EAST / KEESARA | EAST / NORTH-EAST / JAWAHAR NAGAR,Keesara,outskirts,Sub-unit (not standalone),false,false,false,,,"Confirmed to be a named sub-colony/enclave inside ""Keesara"", not a distinct standalone locality. Covered under the parent page."
JNTU,KUKATPALLY / NORTHWEST | NIZAMPET | PRAGATHI NAGAR,Kukatpally,west,Sub-unit (not standalone),false,false,false,,,"This names a landmark, IT park, campus, or commercial complex, not a residential locality. Likely within/near ""Kukatpally"". Not a standalone-page candidate."
Journalist Colony,BANJARA HILLS | JUBILEE HILLS,Banjara Hills,central,Sub-unit (not standalone),false,false,false,,,"Confirmed to be a named sub-colony/enclave inside ""Banjara Hills"", not a distinct standalone locality. Covered under the parent page."
Jubilee Hills Check Post,JUBILEE HILLS,Jubilee Hills,central,Sub-unit (not standalone),false,false,false,,,"This names a road, junction, or transit stop, not a residential locality with its own identity. Likely within/near ""Jubilee Hills"". Not a standalone-page candidate."
Jyothi Nagar,RC PURAM,RC Puram,west,Sub-unit (not standalone),false,false,false,,,"Confirmed to be a named sub-colony/enclave inside ""RC Puram"", not a distinct standalone locality. Covered under the parent page."
Kakatiya Nagar,MOULA ALI,Neredmet,north,Sub-unit (not standalone),false,false,false,,,"Confirmed to be a named sub-colony/enclave inside ""Neredmet"", not a distinct standalone locality. Covered under the parent page."
Kamineni Hospital Area,LB NAGAR / EAST / SOUTH-EAST,LB Nagar,east,Sub-unit (not standalone),false,false,false,,,"This names a road, junction, or transit stop, not a residential locality with its own identity. Likely within/near ""LB Nagar"". Not a standalone-page candidate."
Kandukur Road,AIRPORT / SOUTH / MAHESHWARAM,Maheshwaram,outskirts,Sub-unit (not standalone),false,false,false,,,"This names a road, junction, or transit stop, not a residential locality with its own identity. Likely within/near ""Maheshwaram"". Not a standalone-page candidate."
Kavuri Hills Phase 1,JUBILEE HILLS,Jubilee Hills,central,Sub-unit (not standalone),false,false,false,,,"Numbered sub-unit (road/phase) of ""Jubilee Hills"", not a distinct locality — would be a thin duplicate page if published separately. Candidate to list as a landmark on the parent page instead."
Kavuri Hills Phase 2,JUBILEE HILLS,Jubilee Hills,central,Sub-unit (not standalone),false,false,false,,,"Numbered sub-unit (road/phase) of ""Jubilee Hills"", not a distinct locality — would be a thin duplicate page if published separately. Candidate to list as a landmark on the parent page instead."
KBR Park Area,BANJARA HILLS,Banjara Hills,central,Sub-unit (not standalone),false,false,false,,,"This names a road, junction, or transit stop, not a residential locality with its own identity. Likely within/near ""Banjara Hills"". Not a standalone-page candidate."
Keesara Road,EAST / NORTH-EAST / GHATKESAR,Ghatkesar,east,Sub-unit (not standalone),false,false,false,,,"This names a road, junction, or transit stop, not a residential locality with its own identity. Likely within/near ""Ghatkesar"". Not a standalone-page candidate."
Khairatabad X Road,KHAIRATABAD,Khairatabad,central,Sub-unit (not standalone),false,false,false,,,"This names a road, junction, or transit stop, not a residential locality with its own identity. Likely within/near ""Khairatabad"". Not a standalone-page candidate."
Khaja Nagar,BANJARA HILLS,Banjara Hills,central,Sub-unit (not standalone),false,false,false,,,"Confirmed to be a named sub-colony/enclave inside ""Banjara Hills"", not a distinct standalone locality. Covered under the parent page."
Kistareddypet,BEERAMGUDA,Beeramguda,west,Sub-unit (not standalone),false,false,false,,,"Confirmed to be a named sub-colony/enclave inside ""Beeramguda"", not a distinct standalone locality. Covered under the parent page."
Knowledge City,WEST HYDERABAD / IT CORRIDOR | RAIDURG,HITEC City,west,Sub-unit (not standalone),false,false,false,,,"This names a landmark, IT park, campus, or commercial complex, not a residential locality. Likely within/near ""HITEC City"". Not a standalone-page candidate."
Kokapet Road,NANAKRAMGUDA | NARSINGI,Nanakramguda,west,Sub-unit (not standalone),false,false,false,,,"This names a road, junction, or transit stop, not a residential locality with its own identity. Likely within/near ""Nanakramguda"". Not a standalone-page candidate."
Kollur Road,TELLAPUR,Tellapur,west,Sub-unit (not standalone),false,false,false,,,"This names a road, junction, or transit stop, not a residential locality with its own identity. Likely within/near ""Tellapur"". Not a standalone-page candidate."
Konark Theatre Area,DILSUKHNAGAR,Dilsukhnagar,east,Sub-unit (not standalone),false,false,false,,,"This names a road, junction, or transit stop, not a residential locality with its own identity. Likely within/near ""Dilsukhnagar"". Not a standalone-page candidate."
Kondamadugu,EAST / NORTH-EAST / GHATKESAR,Ghatkesar,east,Draft — needs verification,false,false,false,,,"Real village, confirmed administrative parent is Bibinagar mandal, Yadadri Bhuvanagiri district (pincode 508126) — a different district than Ghatkesar (Medchal-Malkajgiri) as the supplied list groups it, roughly 35-45 km from central Hyderabad (17-23 km beyond Ghatkesar itself). Geography is fully resolved. BUSINESS DECISION (2026-09-09): owner reviewed this case-by-case against Mokila and Manchal and declined to publish for now — out of realistic service-area scope given the distance and district boundary; revisit if TurboFix's service area expands east toward Yadadri Bhuvanagiri."
Kothaguda X Road,KONDAPUR,Kondapur,west,Sub-unit (not standalone),false,false,false,,,"This names a road, junction, or transit stop, not a residential locality with its own identity. Likely within/near ""Kondapur"". Not a standalone-page candidate."
Koti Women's College,CENTRAL HYDERABAD,Abids,central,Sub-unit (not standalone),false,false,false,,,"This names a landmark, IT park, campus, or commercial complex, not a residential locality. Likely within/near ""Abids"". Not a standalone-page candidate."
KPHB Phase 1,KUKATPALLY / NORTHWEST,KPHB Colony,west,Sub-unit (not standalone),false,false,false,,,"Numbered sub-unit (road/phase) of ""KPHB Colony"", not a distinct locality — would be a thin duplicate page if published separately. Candidate to list as a landmark on the parent page instead."
KPHB Phase 10,KUKATPALLY / NORTHWEST,KPHB Colony,west,Sub-unit (not standalone),false,false,false,,,"Numbered sub-unit (road/phase) of ""KPHB Colony"", not a distinct locality — would be a thin duplicate page if published separately. Candidate to list as a landmark on the parent page instead."
KPHB Phase 2,KUKATPALLY / NORTHWEST,KPHB Colony,west,Sub-unit (not standalone),false,false,false,,,"Numbered sub-unit (road/phase) of ""KPHB Colony"", not a distinct locality — would be a thin duplicate page if published separately. Candidate to list as a landmark on the parent page instead."
KPHB Phase 3,KUKATPALLY / NORTHWEST,KPHB Colony,west,Sub-unit (not standalone),false,false,false,,,"Numbered sub-unit (road/phase) of ""KPHB Colony"", not a distinct locality — would be a thin duplicate page if published separately. Candidate to list as a landmark on the parent page instead."
KPHB Phase 4,KUKATPALLY / NORTHWEST,KPHB Colony,west,Sub-unit (not standalone),false,false,false,,,"Numbered sub-unit (road/phase) of ""KPHB Colony"", not a distinct locality — would be a thin duplicate page if published separately. Candidate to list as a landmark on the parent page instead."
KPHB Phase 5,KUKATPALLY / NORTHWEST,KPHB Colony,west,Sub-unit (not standalone),false,false,false,,,"Numbered sub-unit (road/phase) of ""KPHB Colony"", not a distinct locality — would be a thin duplicate page if published separately. Candidate to list as a landmark on the parent page instead."
KPHB Phase 6,KUKATPALLY / NORTHWEST,KPHB Colony,west,Sub-unit (not standalone),false,false,false,,,"Numbered sub-unit (road/phase) of ""KPHB Colony"", not a distinct locality — would be a thin duplicate page if published separately. Candidate to list as a landmark on the parent page instead."
KPHB Phase 7,KUKATPALLY / NORTHWEST,KPHB Colony,west,Sub-unit (not standalone),false,false,false,,,"Numbered sub-unit (road/phase) of ""KPHB Colony"", not a distinct locality — would be a thin duplicate page if published separately. Candidate to list as a landmark on the parent page instead."
KPHB Phase 8,KUKATPALLY / NORTHWEST,KPHB Colony,west,Sub-unit (not standalone),false,false,false,,,"Numbered sub-unit (road/phase) of ""KPHB Colony"", not a distinct locality — would be a thin duplicate page if published separately. Candidate to list as a landmark on the parent page instead."
KPHB Phase 9,KUKATPALLY / NORTHWEST,KPHB Colony,west,Sub-unit (not standalone),false,false,false,,,"Numbered sub-unit (road/phase) of ""KPHB Colony"", not a distinct locality — would be a thin duplicate page if published separately. Candidate to list as a landmark on the parent page instead."
Krishna Nagar,YOUSUFGUDA,Yousufguda,central,Sub-unit (not standalone),false,false,false,,,"Confirmed to be a named sub-colony/enclave inside ""Yousufguda"", not a distinct standalone locality. Covered under the parent page."
Kurmaguda,OLD CITY / SANTOSHNAGAR,Saidabad,south,Sub-unit (not standalone),false,false,false,,,"Confirmed to be a named sub-colony/enclave inside ""Saidabad"", not a distinct standalone locality. Covered under the parent page."
Lal Bazaar,TRIMULGHERRY,Trimulgherry,north,Sub-unit (not standalone),false,false,false,,,"Confirmed to be a named sub-colony/enclave inside ""Trimulgherry"", not a distinct standalone locality. Covered under the parent page."
Lal Darwaza,OLD CITY / MOGHALPURA,Moghalpura,south,Sub-unit (not standalone),false,false,false,,,"This names a road, junction, or transit stop, not a residential locality with its own identity. Likely within/near ""Moghalpura"". Not a standalone-page candidate."
Lalith Bagh,OLD CITY / CHANDRAYANGUTTA,Uppuguda,south,Sub-unit (not standalone),false,false,false,,,"Confirmed to be a named sub-colony/enclave inside ""Uppuguda"", not a distinct standalone locality. Covered under the parent page."
Lanco Hills,MANIKONDA,Manikonda,west,Sub-unit (not standalone),false,false,false,,,"Confirmed to be a named sub-colony/enclave inside ""Manikonda"", not a distinct standalone locality. Covered under the parent page."
Liberty,HIMAYATNAGAR / BASHEERBAGH,Himayatnagar,central,Sub-unit (not standalone),false,false,false,,,"This names a landmark, IT park, campus, or commercial complex, not a residential locality. Likely within/near ""Himayatnagar"". Not a standalone-page candidate."
Lower Tank Bund,HIMAYATNAGAR / BASHEERBAGH,Himayatnagar,central,Sub-unit (not standalone),false,false,false,,,"This names a landmark, IT park, campus, or commercial complex, not a residential locality. Likely within/near ""Himayatnagar"". Not a standalone-page candidate."
LV Prasad Road,BANJARA HILLS,Banjara Hills,central,Sub-unit (not standalone),false,false,false,,,"This names a road, junction, or transit stop, not a residential locality with its own identity. Likely within/near ""Banjara Hills"". Not a standalone-page candidate."
Madina Building,OLD CITY / CHARMINAR,Charminar,south,Sub-unit (not standalone),false,false,false,,,"This names a landmark, IT park, campus, or commercial complex, not a residential locality. Likely within/near ""Charminar"". Not a standalone-page candidate."
Maitrivanam,AMEERPET,Ameerpet,central,Sub-unit (not standalone),false,false,false,,,"Confirmed to be a named sub-colony/enclave inside ""Ameerpet"", not a distinct standalone locality. Covered under the parent page."
Mallampet Road,NIZAMPET,Nizampet,west,Sub-unit (not standalone),false,false,false,,,"This names a road, junction, or transit stop, not a residential locality with its own identity. Likely within/near ""Nizampet"". Not a standalone-page candidate."
Manchal,AIRPORT / SOUTH / IBRAHIMPATNAM,Ibrahimpatnam,outskirts,Draft — needs verification,false,false,false,,,"Real village (Manchal mandal HQ, Ranga Reddy district, 2011 Census population 4,507), confirmed genuinely rural/exurban, ~45 km South-East of MGBS bus station (best-sourced figure after a third pass found no support for an earlier ~66 km outlier). Geography is fully resolved — this is TurboFix's farthest-flagged candidate. BUSINESS DECISION (2026-09-09): owner reviewed this case-by-case against Mokila and Kondamadugu and declined to publish for now — outside realistic service-area scope at this distance; revisit if the business expands that far south."
Manikonda Road,SHAIKPET,Shaikpet,south,Sub-unit (not standalone),false,false,false,,,"This names a road, junction, or transit stop, not a residential locality with its own identity. Likely within/near ""Shaikpet"". Not a standalone-page candidate."
Mantri Celestia,FINANCIAL DISTRICT,Financial District,west,Sub-unit (not standalone),false,false,false,,,"Confirmed to be a named sub-colony/enclave inside ""Financial District"", not a distinct standalone locality. Covered under the parent page."
Masab Tank Side,BANJARA HILLS,Banjara Hills,central,Sub-unit (not standalone),false,false,false,,,"Confirmed to be a named sub-colony/enclave inside ""Banjara Hills"", not a distinct standalone locality. Covered under the parent page."
Mayur Marg,BEGUMPET,Begumpet,central,Sub-unit (not standalone),false,false,false,,,"This names a landmark, IT park, campus, or commercial complex, not a residential locality. Likely within/near ""Begumpet"". Not a standalone-page candidate."
Medchal Road,KOMPALLY | MEDCHAL,Kompally,north,Sub-unit (not standalone),false,false,false,,,"This names a road, junction, or transit stop, not a residential locality with its own identity. Likely within/near ""Kompally"". Not a standalone-page candidate."
Meerpet HB Colony,ADDITIONAL LOCALITIES,Meerpet,unknown,Sub-unit (not standalone),false,false,false,,,"Confirmed to be a named sub-colony/enclave inside ""Meerpet"", not a distinct standalone locality. Covered under the parent page."
MG Road,SECUNDERABAD / NORTH,Secunderabad,north,Sub-unit (not standalone),false,false,false,,,"This names a road, junction, or transit stop, not a residential locality with its own identity. Likely within/near ""Secunderabad"". Not a standalone-page candidate."
Mindspace,WEST HYDERABAD / IT CORRIDOR | RAIDURG,HITEC City,west,Sub-unit (not standalone),false,false,false,,,"This names a landmark, IT park, campus, or commercial complex, not a residential locality. Likely within/near ""HITEC City"". Not a standalone-page candidate."
Minister Road,BEGUMPET | SECUNDERABAD / NORTH,Begumpet,central,Sub-unit (not standalone),false,false,false,,,"This names a road, junction, or transit stop, not a residential locality with its own identity. Likely within/near ""Begumpet"". Not a standalone-page candidate."
Ministers Colony,BANJARA HILLS,Banjara Hills,central,Sub-unit (not standalone),false,false,false,,,"Confirmed to be a named sub-colony/enclave inside ""Banjara Hills"", not a distinct standalone locality. Covered under the parent page."
Mir Chowk,OLD CITY / CHARMINAR,Charminar,south,Sub-unit (not standalone),false,false,false,,,"This names a road, junction, or transit stop, not a residential locality with its own identity. Likely within/near ""Charminar"". Not a standalone-page candidate."
Mithila Nagar,BANJARA HILLS,Banjara Hills,central,Sub-unit (not standalone),false,false,false,,,"Confirmed to be a named sub-colony/enclave inside ""Banjara Hills"", not a distinct standalone locality. Covered under the parent page."
Miyapur Road,BACHUPALLY,Bachupally,west,Sub-unit (not standalone),false,false,false,,,"This names a road, junction, or transit stop, not a residential locality with its own identity. Likely within/near ""Bachupally"". Not a standalone-page candidate."
Miyapur X Road,MIYAPUR,Miyapur,west,Sub-unit (not standalone),false,false,false,,,"This names a road, junction, or transit stop, not a residential locality with its own identity. Likely within/near ""Miyapur"". Not a standalone-page candidate."
MLA Colony,BANJARA HILLS,Banjara Hills,central,Sub-unit (not standalone),false,false,false,,,"Confirmed to be a named sub-colony/enclave inside ""Banjara Hills"", not a distinct standalone locality. Covered under the parent page."
Mokila Road,TELLAPUR | OSMAN NAGAR | KOLLUR,Tellapur,west,Sub-unit (not standalone),false,false,false,,,"This names a road, junction, or transit stop, not a residential locality with its own identity. Likely within/near ""Tellapur"". Not a standalone-page candidate."
Monda Market,SECUNDERABAD / NORTH,Secunderabad,north,Sub-unit (not standalone),false,false,false,,,"This names a landmark, IT park, campus, or commercial complex, not a residential locality. Likely within/near ""Secunderabad"". Not a standalone-page candidate."
Mozamjahi Market,CENTRAL HYDERABAD,Abids,central,Sub-unit (not standalone),false,false,false,,,"This names a landmark, IT park, campus, or commercial complex, not a residential locality. Likely within/near ""Abids"". Not a standalone-page candidate."
Mufeedpura,CENTRAL HYDERABAD,Abids,central,Draft — needs verification,false,false,false,,,"No reliable source found confirming this as an actual Hyderabad locality under any spelling variant tried (Mufeedpura, Mufid Pura, Mofidpura, Mufeed Pura), across repeated primary-source checks (India Post, Wikipedia's Abids/Aghapura/Moghalpura/Dabirpura/Musheerabad/Barkatpura articles, locality databases). The only near-hit (""Matba Mufid-e-Aam,"" a historical Urdu printing-press name) is an institution, not a place."
Nalgonda X Road,OLD CITY / MALAKPET,Malakpet,south,Sub-unit (not standalone),false,false,false,,,"This names a road, junction, or transit stop, not a residential locality with its own identity. Likely within/near ""Malakpet"". Not a standalone-page candidate."
Nampally Market,NAMPALLY,Nampally,central,Sub-unit (not standalone),false,false,false,,,"This names a landmark, IT park, campus, or commercial complex, not a residential locality. Likely within/near ""Nampally"". Not a standalone-page candidate."
Nampally Railway Station,NAMPALLY,Nampally,central,Sub-unit (not standalone),false,false,false,,,"This names a road, junction, or transit stop, not a residential locality with its own identity. Likely within/near ""Nampally"". Not a standalone-page candidate."
Narsingi Road,MANIKONDA | PUPPALAGUDA | KOKAPET,Manikonda,west,Sub-unit (not standalone),false,false,false,,,"This names a road, junction, or transit stop, not a residential locality with its own identity. Likely within/near ""Manikonda"". Not a standalone-page candidate."
NBT Nagar,BANJARA HILLS,Banjara Hills,central,Sub-unit (not standalone),false,false,false,,,"Confirmed to be a named sub-colony/enclave inside ""Banjara Hills"", not a distinct standalone locality. Covered under the parent page."
Necklace Road,SOMAJIGUDA,Somajiguda,central,Sub-unit (not standalone),false,false,false,,,"This names a road, junction, or transit stop, not a residential locality with its own identity. Likely within/near ""Somajiguda"". Not a standalone-page candidate."
Neknampur Lake,MANIKONDA,Manikonda,west,Sub-unit (not standalone),false,false,false,,,"This names a landmark, IT park, campus, or commercial complex, not a residential locality. Likely within/near ""Manikonda"". Not a standalone-page candidate."
Neopolis,FINANCIAL DISTRICT | KOKAPET,Kokapet,west,Sub-unit (not standalone),false,false,false,,,"Confirmed to be a named sub-colony/enclave inside ""Kokapet"", not a distinct standalone locality. Covered under the parent page."
New Malakpet,OLD CITY / MALAKPET,Malakpet,south,Sub-unit (not standalone),false,false,false,,,"Confirmed to be a named sub-colony/enclave inside ""Malakpet"", not a distinct standalone locality. Covered under the parent page."
NGO Colony,VANASTHALIPURAM,Vanasthalipuram,east,Sub-unit (not standalone),false,false,false,,,"Confirmed to be a named sub-colony/enclave inside ""Vanasthalipuram"", not a distinct standalone locality. Covered under the parent page."
NGRI,HABSIGUDA,Habsiguda,north,Sub-unit (not standalone),false,false,false,,,"Confirmed to be a named sub-colony/enclave inside ""Habsiguda"", not a distinct standalone locality. Covered under the parent page."
Nizampet Village,NIZAMPET,Nizampet,west,Sub-unit (not standalone),false,false,false,,,"Confirmed to be a named sub-colony/enclave inside ""Nizampet"", not a distinct standalone locality. Covered under the parent page."
NMDC,MEHDIPATNAM / SOUTH-CENTRAL,Masab Tank,south,Sub-unit (not standalone),false,false,false,,,"Confirmed to be a named sub-colony/enclave inside ""Masab Tank"", not a distinct standalone locality. Covered under the parent page."
NTR Nagar,BODUPPAL | SAROORNAGAR,LB Nagar,north,Sub-unit (not standalone),false,false,false,,,"Confirmed to be a named sub-colony/enclave inside ""LB Nagar"", not a distinct standalone locality. Covered under the parent page."
Old Alwal,ALWAL,Alwal,north,Sub-unit (not standalone),false,false,false,,,"Confirmed to be a named sub-colony/enclave inside ""Alwal"", not a distinct standalone locality. Covered under the parent page."
Old Bowenpally,BOWENPALLY,Bowenpally,north,Sub-unit (not standalone),false,false,false,,,"Confirmed to be a named sub-colony/enclave inside ""Bowenpally"", not a distinct standalone locality. Covered under the parent page."
Old Malakpet,OLD CITY / MALAKPET,Malakpet,south,Sub-unit (not standalone),false,false,false,,,"Confirmed to be a named sub-colony/enclave inside ""Malakpet"", not a distinct standalone locality. Covered under the parent page."
Old MLA Quarters,HIMAYATNAGAR / BASHEERBAGH,Himayatnagar,central,Sub-unit (not standalone),false,false,false,,,"Confirmed to be a named sub-colony/enclave inside ""Himayatnagar"", not a distinct standalone locality. Covered under the parent page."
Osmania University,TARNAKA,Tarnaka,north,Sub-unit (not standalone),false,false,false,,,"This names a landmark, IT park, campus, or commercial complex, not a residential locality. Likely within/near ""Tarnaka"". Not a standalone-page candidate."
OU Campus,HABSIGUDA,Habsiguda,north,Sub-unit (not standalone),false,false,false,,,"This names a landmark, IT park, campus, or commercial complex, not a residential locality. Likely within/near ""Habsiguda"". Not a standalone-page candidate."
P&T Colony,DILSUKHNAGAR | SAROORNAGAR,Dilsukhnagar,east,Sub-unit (not standalone),false,false,false,,,"Confirmed to be a named sub-colony/enclave inside ""Dilsukhnagar"", not a distinct standalone locality. Covered under the parent page."
Paradise,SECUNDERABAD / NORTH,Secunderabad,north,Sub-unit (not standalone),false,false,false,,,"This names a landmark, IT park, campus, or commercial complex, not a residential locality. Likely within/near ""Secunderabad"". Not a standalone-page candidate."
Parvath Nagar,MADHAPUR,Borabanda,west,Sub-unit (not standalone),false,false,false,,,"Confirmed to be a named sub-colony/enclave inside ""Borabanda"", not a distinct standalone locality. Covered under the parent page."
Peddamma Gudi Area,JUBILEE HILLS,Jubilee Hills,central,Sub-unit (not standalone),false,false,false,,,"This names a road, junction, or transit stop, not a residential locality with its own identity. Likely within/near ""Jubilee Hills"". Not a standalone-page candidate."
Peddamma Temple,JUBILEE HILLS,Jubilee Hills,central,Sub-unit (not standalone),false,false,false,,,"This names a landmark, IT park, campus, or commercial complex, not a residential locality. Likely within/near ""Jubilee Hills"". Not a standalone-page candidate."
Pillar No. 143,ATTAPUR,Attapur,south,Sub-unit (not standalone),false,false,false,,,"Numbered sub-unit (road/phase) of ""Attapur"", not a distinct locality — would be a thin duplicate page if published separately. Candidate to list as a landmark on the parent page instead."
Pragathi Enclave,NIZAMPET,Pragathi Nagar,west,Sub-unit (not standalone),false,false,false,,,"Confirmed to be a named sub-colony/enclave inside ""Pragathi Nagar"", not a distinct standalone locality. Covered under the parent page."
Prashanthi Hills,BADANGPET,Meerpet,south,Sub-unit (not standalone),false,false,false,,,"Confirmed to be a named sub-colony/enclave inside ""Meerpet"", not a distinct standalone locality. Covered under the parent page."
Prashasan Nagar,JUBILEE HILLS,Jubilee Hills,central,Sub-unit (not standalone),false,false,false,,,"Confirmed to be a named sub-colony/enclave inside ""Jubilee Hills"", not a distinct standalone locality. Covered under the parent page."
Premavathi Pet,RAJENDRANAGAR,Rajendranagar,south,Sub-unit (not standalone),false,false,false,,,"Confirmed to be a named sub-colony/enclave inside ""Rajendranagar"", not a distinct standalone locality. Covered under the parent page."
Punjagutta X Road,PUNJAGUTTA,Panjagutta,central,Sub-unit (not standalone),false,false,false,,,"This names a road, junction, or transit stop, not a residential locality with its own identity. Likely within/near ""Panjagutta"". Not a standalone-page candidate."
Purani Haveli,NAMPALLY | OLD CITY / CHARMINAR,Nampally,central,Sub-unit (not standalone),false,false,false,,,"This names a landmark, IT park, campus, or commercial complex, not a residential locality. Likely within/near ""Nampally"". Not a standalone-page candidate."
Qila Mohammad Nagar,LANGER HOUZ,Golconda,south,Sub-unit (not standalone),false,false,false,,,"Confirmed to be a named sub-colony/enclave inside ""Golconda"", not a distinct standalone locality. Covered under the parent page."
Rahmat Nagar,YOUSUFGUDA | ERRAGADDA,Yousufguda,central,Sub-unit (not standalone),false,false,false,,,"Confirmed to be a named sub-colony/enclave inside ""Yousufguda"", not a distinct standalone locality. Covered under the parent page."
Raj Bhavan Road,LAKDICAPUL / SAIFABAD | KHAIRATABAD | PUNJAGUTTA | SOMAJIGUDA,Lakdikapul,central,Sub-unit (not standalone),false,false,false,,,"This names a road, junction, or transit stop, not a residential locality with its own identity. Likely within/near ""Lakdikapul"". Not a standalone-page candidate."
Rajendranagar Road,ATTAPUR,Attapur,south,Sub-unit (not standalone),false,false,false,,,"This names a road, junction, or transit stop, not a residential locality with its own identity. Likely within/near ""Attapur"". Not a standalone-page candidate."
Razdar Khanpet,NAMPALLY,Mangalhat,central,Sub-unit (not standalone),false,false,false,,,"Confirmed to be a named sub-colony/enclave inside ""Mangalhat"", not a distinct standalone locality. Covered under the parent page."
Residency Road,CENTRAL HYDERABAD,Abids,central,Sub-unit (not standalone),false,false,false,,,"This names a road, junction, or transit stop, not a residential locality with its own identity. Likely within/near ""Abids"". Not a standalone-page candidate."
Road No. 1,BANJARA HILLS,Banjara Hills,central,Sub-unit (not standalone),false,false,false,,,"Numbered sub-unit (road/phase) of ""Banjara Hills"", not a distinct locality — would be a thin duplicate page if published separately. Candidate to list as a landmark on the parent page instead."
Road No. 10,BANJARA HILLS,Banjara Hills,central,Sub-unit (not standalone),false,false,false,,,"Numbered sub-unit (road/phase) of ""Banjara Hills"", not a distinct locality — would be a thin duplicate page if published separately. Candidate to list as a landmark on the parent page instead."
Road No. 11,BANJARA HILLS,Banjara Hills,central,Sub-unit (not standalone),false,false,false,,,"Numbered sub-unit (road/phase) of ""Banjara Hills"", not a distinct locality — would be a thin duplicate page if published separately. Candidate to list as a landmark on the parent page instead."
Road No. 12,BANJARA HILLS,Banjara Hills,central,Sub-unit (not standalone),false,false,false,,,"Numbered sub-unit (road/phase) of ""Banjara Hills"", not a distinct locality — would be a thin duplicate page if published separately. Candidate to list as a landmark on the parent page instead."
Road No. 13,BANJARA HILLS,Banjara Hills,central,Sub-unit (not standalone),false,false,false,,,"Numbered sub-unit (road/phase) of ""Banjara Hills"", not a distinct locality — would be a thin duplicate page if published separately. Candidate to list as a landmark on the parent page instead."
Road No. 14,BANJARA HILLS,Banjara Hills,central,Sub-unit (not standalone),false,false,false,,,"Numbered sub-unit (road/phase) of ""Banjara Hills"", not a distinct locality — would be a thin duplicate page if published separately. Candidate to list as a landmark on the parent page instead."
Road No. 2,BANJARA HILLS,Banjara Hills,central,Sub-unit (not standalone),false,false,false,,,"Numbered sub-unit (road/phase) of ""Banjara Hills"", not a distinct locality — would be a thin duplicate page if published separately. Candidate to list as a landmark on the parent page instead."
Road No. 3,BANJARA HILLS,Banjara Hills,central,Sub-unit (not standalone),false,false,false,,,"Numbered sub-unit (road/phase) of ""Banjara Hills"", not a distinct locality — would be a thin duplicate page if published separately. Candidate to list as a landmark on the parent page instead."
Road No. 36,BANJARA HILLS,Banjara Hills,central,Sub-unit (not standalone),false,false,false,,,"Numbered sub-unit (road/phase) of ""Banjara Hills"", not a distinct locality — would be a thin duplicate page if published separately. Candidate to list as a landmark on the parent page instead."
Road No. 4,BANJARA HILLS,Banjara Hills,central,Sub-unit (not standalone),false,false,false,,,"Numbered sub-unit (road/phase) of ""Banjara Hills"", not a distinct locality — would be a thin duplicate page if published separately. Candidate to list as a landmark on the parent page instead."
Road No. 45,BANJARA HILLS,Banjara Hills,central,Sub-unit (not standalone),false,false,false,,,"Numbered sub-unit (road/phase) of ""Banjara Hills"", not a distinct locality — would be a thin duplicate page if published separately. Candidate to list as a landmark on the parent page instead."
Road No. 5,BANJARA HILLS,Banjara Hills,central,Sub-unit (not standalone),false,false,false,,,"Numbered sub-unit (road/phase) of ""Banjara Hills"", not a distinct locality — would be a thin duplicate page if published separately. Candidate to list as a landmark on the parent page instead."
Road No. 6,BANJARA HILLS,Banjara Hills,central,Sub-unit (not standalone),false,false,false,,,"Numbered sub-unit (road/phase) of ""Banjara Hills"", not a distinct locality — would be a thin duplicate page if published separately. Candidate to list as a landmark on the parent page instead."
Road No. 7,BANJARA HILLS,Banjara Hills,central,Sub-unit (not standalone),false,false,false,,,"Numbered sub-unit (road/phase) of ""Banjara Hills"", not a distinct locality — would be a thin duplicate page if published separately. Candidate to list as a landmark on the parent page instead."
Road No. 8,BANJARA HILLS,Banjara Hills,central,Sub-unit (not standalone),false,false,false,,,"Numbered sub-unit (road/phase) of ""Banjara Hills"", not a distinct locality — would be a thin duplicate page if published separately. Candidate to list as a landmark on the parent page instead."
Road No. 9,BANJARA HILLS,Banjara Hills,central,Sub-unit (not standalone),false,false,false,,,"Numbered sub-unit (road/phase) of ""Banjara Hills"", not a distinct locality — would be a thin duplicate page if published separately. Candidate to list as a landmark on the parent page instead."
Road No. 92,BANJARA HILLS,Banjara Hills,central,Sub-unit (not standalone),false,false,false,,,"Numbered sub-unit (road/phase) of ""Banjara Hills"", not a distinct locality — would be a thin duplicate page if published separately. Candidate to list as a landmark on the parent page instead."
RP Road,SECUNDERABAD / NORTH,Secunderabad,north,Sub-unit (not standalone),false,false,false,,,"This names a road, junction, or transit stop, not a residential locality with its own identity. Likely within/near ""Secunderabad"". Not a standalone-page candidate."
RTC Colony,LB NAGAR / EAST / SOUTH-EAST | VANASTHALIPURAM,LB Nagar,east,Sub-unit (not standalone),false,false,false,,,"Confirmed to be a named sub-colony/enclave inside ""LB Nagar"", not a distinct standalone locality. Covered under the parent page."
RTC X Roads,ADDITIONAL LOCALITIES,,unknown,Sub-unit (not standalone),false,false,false,,,"This names a road, junction, or transit stop, not a residential locality with its own identity. Not a standalone-page candidate."
Sagar Society,BANJARA HILLS | JUBILEE HILLS,Banjara Hills,central,Sub-unit (not standalone),false,false,false,,,"Confirmed to be a named sub-colony/enclave inside ""Banjara Hills"", not a distinct standalone locality. Covered under the parent page."
Sahebnagar,VANASTHALIPURAM | BN REDDY NAGAR,Vanasthalipuram,east,Sub-unit (not standalone),false,false,false,,,"Confirmed to be a named sub-colony/enclave inside ""Vanasthalipuram"", not a distinct standalone locality. Covered under the parent page."
Saket,KAPRA,Kapra,north,Sub-unit (not standalone),false,false,false,,,"Confirmed to be a named sub-colony/enclave inside ""Kapra"", not a distinct standalone locality. Covered under the parent page."
Sardarpur,AIRPORT / SOUTH / SHAMSHABAD,Shamshabad,south,Draft — needs verification,false,false,false,,,"Confirmed absent from the official Census-2011-derived village list for Shamshabad mandal (36 villages enumerated across two independent checks), and a Telangana-wide search (excluding out-of-state namesakes in Madhya Pradesh/Gujarat/Rajasthan) found no ""Sardarpur"" anywhere in the state. The only phonetically similar results are two differently-named ""Sardar Nagar"" villages (Shabad mandal and Maheswaram mandal, Ranga Reddy district) — a distinct name, not a spelling variant, and not a match."
Secretariat Area,LAKDICAPUL / SAIFABAD,Lakdikapul,central,Sub-unit (not standalone),false,false,false,,,"This names a road, junction, or transit stop, not a residential locality with its own identity. Likely within/near ""Lakdikapul"". Not a standalone-page candidate."
Secunderabad Cantonment,TRIMULGHERRY,Secunderabad,north,Sub-unit (not standalone),false,false,false,,,"Confirmed to be a named sub-colony/enclave inside ""Secunderabad"", not a distinct standalone locality. Covered under the parent page."
Seven Tombs,TOLICHOWKI | SHAIKPET | LANGER HOUZ,Tolichowki,south,Sub-unit (not standalone),false,false,false,,,"This names a landmark, IT park, campus, or commercial complex, not a residential locality. Likely within/near ""Tolichowki"". Not a standalone-page candidate."
Shakti Sai Nagar,ADDITIONAL LOCALITIES,Mallapur,unknown,Sub-unit (not standalone),false,false,false,,,"Confirmed to be a named sub-colony/enclave inside ""Mallapur"", not a distinct standalone locality. Covered under the parent page."
Shankarpally Road,KOLLUR | ADDITIONAL LOCALITIES,Kollur,west,Sub-unit (not standalone),false,false,false,,,"This names a road, junction, or transit stop, not a residential locality with its own identity. Likely within/near ""Kollur"". Not a standalone-page candidate."
Shastripuram,OLD CITY / FALAKNUMA | OLD CITY / BAHADURPURA,Nawab Saheb Kunta,south,Sub-unit (not standalone),false,false,false,,,"Confirmed to be a named sub-colony/enclave inside ""Nawab Saheb Kunta"", not a distinct standalone locality. Covered under the parent page."
Shilpa Park,KONDAPUR,Kondapur,west,Sub-unit (not standalone),false,false,false,,,"This names a landmark, IT park, campus, or commercial complex, not a residential locality. Likely within/near ""Kondapur"". Not a standalone-page candidate."
Shivam Road,ADDITIONAL LOCALITIES,,unknown,Sub-unit (not standalone),false,false,false,,,"This names a road, junction, or transit stop, not a residential locality with its own identity. Not a standalone-page candidate."
Singareni Colony,OLD CITY / SAIDABAD,Saidabad,south,Sub-unit (not standalone),false,false,false,,,"Confirmed to be a named sub-colony/enclave inside ""Saidabad"", not a distinct standalone locality. Covered under the parent page."
Sri Ram Nagar,YOUSUFGUDA | MADHAPUR | KONDAPUR,Yousufguda,central,Draft — needs verification,false,false,false,,,"Confirmed at least THREE genuinely distinct, correctly-named ""Sri Ram Nagar"" localities exist, not two: Sri Ram Nagar, Yousufguda (pincode 500045), Sri Ram Nagar Colony, Kondapur (pincode 500084), and — via the repo's own already-published Kothapet page, which lists ""Sri Ram Nagar"" as one of its own landmarks (pincode 500035, east zone) — a third instance geographically and administratively unrelated to either of the first two. A third research pass specifically hunting for a dominance/prominence signal (commercial density, web presence) between the Yousufguda and Kondapur instances found no meaningful difference and no new disambiguating evidence of any kind — three passes now agree this is genuinely unresolvable without inventing a distinction the sources don't support."
Srisailam Highway,AIRPORT / SOUTH / TUKKUGUDA | AIRPORT / SOUTH / MAHESHWARAM,Tukkuguda,outskirts,Sub-unit (not standalone),false,false,false,,,"Confirmed to be a named sub-colony/enclave inside ""Tukkuguda"", not a distinct standalone locality. Covered under the parent page."
Street No. 8,HABSIGUDA,Habsiguda,north,Sub-unit (not standalone),false,false,false,,,"Numbered sub-unit (road/phase) of ""Habsiguda"", not a distinct locality — would be a thin duplicate page if published separately. Candidate to list as a landmark on the parent page instead."
Surya Nagar,ALWAL,Alwal,north,Sub-unit (not standalone),false,false,false,,,"Confirmed to be a named sub-colony/enclave inside ""Alwal"", not a distinct standalone locality. Covered under the parent page."
Talab Katta,OLD CITY / DABEERPURA | OLD CITY / YAKUTPURA | OLD CITY / SANTOSHNAGAR | OLD CITY / REIN BAZAAR,Talabchanchalam,south,Sub-unit (not standalone),false,false,false,,,"Confirmed to be a named sub-colony/enclave inside ""Talabchanchalam"", not a distinct standalone locality. Covered under the parent page."
TCS Adibatla,AIRPORT / SOUTH / ADIBATLA,Adibatla,outskirts,Sub-unit (not standalone),false,false,false,,,"This names a landmark, IT park, campus, or commercial complex, not a residential locality. Likely within/near ""Adibatla"". Not a standalone-page candidate."
Teegalguda,OLD CITY / SAIDABAD,Moosarambagh,south,Sub-unit (not standalone),false,false,false,,,"Confirmed to be a named sub-colony/enclave inside ""Moosarambagh"", not a distinct standalone locality. Covered under the parent page."
Telecom Nagar,MADHAPUR | GACHIBOWLI,Gachibowli,west,Sub-unit (not standalone),false,false,false,,,"Confirmed to be a named sub-colony/enclave inside ""Gachibowli"", not a distinct standalone locality. Covered under the parent page."
Temple Alwal,ALWAL,Alwal,north,Sub-unit (not standalone),false,false,false,,,"Confirmed to be a named sub-colony/enclave inside ""Alwal"", not a distinct standalone locality. Covered under the parent page."
Thokatta,SECUNDERABAD / NORTH | ADDITIONAL LOCALITIES,Bowenpally,north,Sub-unit (not standalone),false,false,false,,,"Confirmed to be a named sub-colony/enclave inside ""Bowenpally"", not a distinct standalone locality. Covered under the parent page."
Tilak Road,CENTRAL HYDERABAD,Abids,central,Sub-unit (not standalone),false,false,false,,,"This names a road, junction, or transit stop, not a residential locality with its own identity. Likely within/near ""Abids"". Not a standalone-page candidate."
Tolichowki Road,MEHDIPATNAM / SOUTH-CENTRAL,Mehdipatnam,south,Sub-unit (not standalone),false,false,false,,,"This names a road, junction, or transit stop, not a residential locality with its own identity. Likely within/near ""Mehdipatnam"". Not a standalone-page candidate."
Totaguda,NAMPALLY,Nampally,central,Draft — needs verification,false,false,false,,,"Confirmed via a direct fetch of the primary Census 2011 subdistrict table that Nampally Mandal is recorded as 2 towns and 0 villages — meaning no locality named Totaguda can appear as a distinct Census-enumerated unit under Nampally. One low-tier real-estate aggregator (findeasy.in) lists ""Totaguda"" under a Nampally grouping, but this is uncorroborated by any Census, India Post, GHMC, or municipal record and does not outweigh the primary Census table; the only phonetic near-match found elsewhere is ""Toyaguda"" in Adilabad district, 330 km away and unrelated."
TV Studio Road,RAMANTHAPUR,Ramanthapur,north,Sub-unit (not standalone),false,false,false,,,"This names a road, junction, or transit stop, not a residential locality with its own identity. Likely within/near ""Ramanthapur"". Not a standalone-page candidate."
Uppal Depot,UPPAL,Uppal,north,Sub-unit (not standalone),false,false,false,,,"This names a road, junction, or transit stop, not a residential locality with its own identity. Likely within/near ""Uppal"". Not a standalone-page candidate."
Uppal Road,TARNAKA,Tarnaka,north,Sub-unit (not standalone),false,false,false,,,"This names a road, junction, or transit stop, not a residential locality with its own identity. Likely within/near ""Tarnaka"". Not a standalone-page candidate."
Vayupuri,SAINIKPURI,Sainikpuri,north,Sub-unit (not standalone),false,false,false,,,"Confirmed to be a named sub-colony/enclave inside ""Sainikpuri"", not a distinct standalone locality. Covered under the parent page."
Venkateshwara Colony,BODUPPAL,Boduppal,north,Draft — needs verification,false,false,false,,,"Confirmed at least FOUR genuinely distinct ""Venkateshwara Colony"" instances, not two: Boduppal (pincode 500092, ""Shree Venkateshwara Colony""), a Peerzadiguda/Medipally-area instance (""Venkateswara Colony, Sai Nagar,"" Saroornagar mandal), a Moulali/Secunderabad instance (""Venkateshwara Nagar Colony,"" pincode 500040), and — via the repo's own already-published ECIL page, which lists ""Venkateshwara Colony"" as its own landmark (pincode 500062, north zone) — a fourth instance. A third pass found the collision is worse still: a FIFTH instance via India Post (""Venkateshwara Colony, Bandlaguda Jagir,"" pincode 500086), plus a SIXTH, qualitatively different instance — ""Venkateshwara Colony"" is itself the formal name of GHMC Ward 216, Jubilee Hills Circle, Khairatabad Zone (confirmed by 3 independent current ward-data sources) — a genuine standalone administrative ward, unlike the other five informal colony-name instances. Nothing in the master list's original context for this entry points to the Jubilee Hills ward rather than the Boduppal/Peerzadiguda grouping it was actually tagged under, so no resolution is forced; worth a human checking whether the entry's context was ever meant to reference the Jubilee Hills ward instead."
Vijayapuri Colony,BATCH 13 — MISSING MASTER-LIST ADDITIONS,Uppal,unknown,Sub-unit (not standalone),false,false,false,,,"Confirmed to be a named sub-colony/enclave inside ""Uppal"", not a distinct standalone locality. Covered under the parent page."
Waverock,FINANCIAL DISTRICT,Financial District,west,Sub-unit (not standalone),false,false,false,,,"This names a landmark, IT park, campus, or commercial complex, not a residential locality. Likely within/near ""Financial District"". Not a standalone-page candidate."
WaveRock SEZ,FINANCIAL DISTRICT,Financial District,west,Sub-unit (not standalone),false,false,false,,,"This names a landmark, IT park, campus, or commercial complex, not a residential locality. Likely within/near ""Financial District"". Not a standalone-page candidate."
West Marredpally,SECUNDERABAD / NORTH,Marredpally,north,Sub-unit (not standalone),false,false,false,,,"Confirmed to be a named sub-colony/enclave inside ""Marredpally"", not a distinct standalone locality. Covered under the parent page."
Yacharam Road,AIRPORT / SOUTH / IBRAHIMPATNAM,Ibrahimpatnam,outskirts,Sub-unit (not standalone),false,false,false,,,"This names a road, junction, or transit stop, not a residential locality with its own identity. Likely within/near ""Ibrahimpatnam"". Not a standalone-page candidate."
Yousufguda Check Post,YOUSUFGUDA,Yousufguda,central,Sub-unit (not standalone),false,false,false,,,"This names a road, junction, or transit stop, not a residential locality with its own identity. Likely within/near ""Yousufguda"". Not a standalone-page candidate."
Zoo Park,OLD CITY / BAHADURPURA,Bahadurpura,south,Sub-unit (not standalone),false,false,false,,,"This names a landmark, IT park, campus, or commercial complex, not a residential locality. Likely within/near ""Bahadurpura"". Not a standalone-page candidate."