originalName,normalizedName,currentName,slug,status,classification,parent,zone,verified,indexable,inSitemap,canonical,pageExists,aliasOf,reason,sourceSection,notes
Abids,abids,Abids,abids,published,PUBLISHED,Koti,central,true,true,true,https://turbofix.in/locations/abids,true,,Live page — verified and indexable.,CENTRAL HYDERABAD,
AC Guards,acguards,AC Guards,ac-guards,published,PUBLISHED,Khairatabad,central,true,true,true,https://turbofix.in/locations/ac-guards,true,,Live page — verified and indexable.,LAKDICAPUL / SAIFABAD,
Adibatla,adibatla,Adibatla,adibatla,published,PUBLISHED,Ghatkesar,outskirts,true,true,true,https://turbofix.in/locations/adibatla,true,,Live page — verified and indexable.,AIRPORT / SOUTH / ADIBATLA | AIRPORT / SOUTH / KONGARA KALAN | AIRPORT / SOUTH / TURKAYAMJAL,
Adikmet,adikmet,Adikmet,adikmet,published,PUBLISHED,Vidyanagar,central,true,true,true,https://turbofix.in/locations/adikmet,true,,Live page — verified and indexable.,ADDITIONAL LOCALITIES,
Afzal Gunj,afzalgunj,Afzal Gunj,afzal-gunj,published,PUBLISHED,Abids,central,true,true,true,https://turbofix.in/locations/afzal-gunj,true,,Live page — verified and indexable.,CENTRAL HYDERABAD,
Aghapura,aghapura,Aghapura,aghapura,published,PUBLISHED,Nampally,central,true,true,true,https://turbofix.in/locations/aghapura,true,,Live page — verified and indexable.,NAMPALLY,
Ahmed Nagar,ahmednagar,Ahmed Nagar,ahmed-nagar,published,PUBLISHED,Banjara Hills,central,true,true,true,https://turbofix.in/locations/ahmed-nagar,true,,Live page — verified and indexable.,NAMPALLY | MEHDIPATNAM / SOUTH-CENTRAL,
Airport Colony,airportcolony,Airport Colony,airport-colony,published,PUBLISHED,Shamshabad,south,true,true,true,https://turbofix.in/locations/airport-colony,true,,Live page — verified and indexable.,AIRPORT / SOUTH / SHAMSHABAD,
Al Hasnath Colony,alhasnathcolony,Al Hasnath Colony,al-hasnath-colony,published,PUBLISHED,Tolichowki,south,true,true,true,https://turbofix.in/locations/al-hasnath-colony,true,,Live page — verified and indexable.,TOLICHOWKI | SHAIKPET,
Aliabad,aliabad,Aliabad,aliabad,published,PUBLISHED,Falaknuma,south,true,true,true,https://turbofix.in/locations/aliabad,true,,Live page — verified and indexable.,OLD CITY / SHAHALIBANDA | OLD CITY / MOGHALPURA | OLD CITY / HUSSAINI ALAM,
Allwyn Colony,allwyncolony,Allwyn Colony,allwyn-colony,published,PUBLISHED,Kukatpally,west,true,true,true,https://turbofix.in/locations/allwyn-colony,true,,Live page — verified and indexable.,KUKATPALLY / NORTHWEST | MIYAPUR | HAFEEZPET,
Alwal,alwal,Alwal,alwal,published,PUBLISHED,Secunderabad,north,true,true,true,https://turbofix.in/locations/alwal,true,,Live page — verified and indexable.,ALWAL | TRIMULGHERRY,
Amberpet,amberpet,Amberpet,amberpet,published,PUBLISHED,Tarnaka,north,true,true,true,https://turbofix.in/locations/amberpet,true,,Live page — verified and indexable.,RAMANTHAPUR | ADDITIONAL LOCALITIES,
Ameenpur,ameenpur,Ameenpur,ameenpur,published,PUBLISHED,Miyapur,west,true,true,true,https://turbofix.in/locations/ameenpur,true,,Live page — verified and indexable.,MIYAPUR | PATANCHERU | BEERAMGUDA | AMEENPUR,
Ameerpet,ameerpet,Ameerpet,ameerpet,published,PUBLISHED,SR Nagar,central,true,true,true,https://turbofix.in/locations/ameerpet,true,,Live page — verified and indexable.,PUNJAGUTTA | AMEERPET | SR NAGAR,
Ammuguda,ammuguda,Ammuguda,ammuguda,published,PUBLISHED,Sainikpuri,north,true,true,true,https://turbofix.in/locations/ammuguda,true,,Live page — verified and indexable.,SECUNDERABAD / NORTH,
Anandbagh,anandbagh,Anandbagh,anandbagh,published,PUBLISHED,Malkajgiri,north,true,true,true,https://turbofix.in/locations/anandbagh,true,,Live page — verified and indexable.,MALKAJGIRI,
Anjaiah Nagar,anjaiahnagar,Anjaiah Nagar,anjaiah-nagar,published,PUBLISHED,Gachibowli,west,true,true,true,https://turbofix.in/locations/anjaiah-nagar,true,,Live page — verified and indexable.,GACHIBOWLI,
AS Rao Nagar,asraonagar,AS Rao Nagar,as-rao-nagar,published,PUBLISHED,ECIL,north,true,true,true,https://turbofix.in/locations/as-rao-nagar,true,,Live page — verified and indexable.,SAINIKPURI | ECIL | AS RAO NAGAR | KAPRA,
Ashok Nagar,ashoknagar,Ashok Nagar,ashok-nagar,published,PUBLISHED,Himayatnagar,central,true,true,true,https://turbofix.in/locations/ashok-nagar,true,,Live page — verified and indexable.,HIMAYATNAGAR / BASHEERBAGH | BEERAMGUDA,
Asif Nagar,asifnagar,Asif Nagar,asif-nagar,published,PUBLISHED,Mehdipatnam,south,true,true,true,https://turbofix.in/locations/asif-nagar,true,,Live page — verified and indexable.,NAMPALLY | MEHDIPATNAM / SOUTH-CENTRAL,
Attapur,attapur,Attapur,attapur,published,PUBLISHED,Mehdipatnam,south,true,true,true,https://turbofix.in/locations/attapur,true,,Live page — verified and indexable.,ATTAPUR | RAJENDRANAGAR,
Ayyappa Society,ayyappasociety,Ayyappa Society,ayyappa-society,published,PUBLISHED,Madhapur,west,true,true,true,https://turbofix.in/locations/ayyappa-society,true,,Live page — verified and indexable.,WEST HYDERABAD / IT CORRIDOR | MADHAPUR,
Azampura,azampura,Azampura,azampura,published,PUBLISHED,Malakpet,south,true,true,true,https://turbofix.in/locations/azampura,true,,Live page — verified and indexable.,OLD CITY / MALAKPET,
Bachupally,bachupally,Bachupally,bachupally,published,PUBLISHED,Nizampet,west,true,true,true,https://turbofix.in/locations/bachupally,true,,Live page — verified and indexable.,NIZAMPET | BACHUPALLY | PRAGATHI NAGAR | AMEENPUR,
Badangpet,badangpet,Badangpet,badangpet,published,PUBLISHED,Jillelaguda,south,true,true,true,https://turbofix.in/locations/badangpet,true,,Live page — verified and indexable.,MEERPET | JILLELAGUDA | BADANGPET,
Badichowdi,badichowdi,Badichowdi,badichowdi,published,PUBLISHED,Abids,central,true,true,true,https://turbofix.in/locations/badichowdi,true,,Live page — verified and indexable.,CENTRAL HYDERABAD,
Bagh Lingampally,baghlingampally,Bagh Lingampally,bagh-lingampally,published,PUBLISHED,Himayatnagar,central,true,true,true,https://turbofix.in/locations/bagh-lingampally,true,,Live page — verified and indexable.,HIMAYATNAGAR / BASHEERBAGH | ADDITIONAL LOCALITIES,
Bahadurpally,bahadurpally,Bahadurpally,bahadurpally,published,PUBLISHED,Jeedimetla,west,true,true,true,https://turbofix.in/locations/bahadurpally,true,,Live page — verified and indexable.,ADDITIONAL LOCALITIES,
Bahadurpura,bahadurpura,Bahadurpura,bahadurpura,published,PUBLISHED,Charminar,south,true,true,true,https://turbofix.in/locations/bahadurpura,true,,Live page — verified and indexable.,OLD CITY / FALAKNUMA | OLD CITY / BAHADURPURA,
Balaji Nagar,balajinagar,Balaji Nagar,balaji-nagar,published,PUBLISHED,Kukatpally,west,true,true,true,https://turbofix.in/locations/balaji-nagar,true,,Live page — verified and indexable.,KUKATPALLY / NORTHWEST,
Balanagar,balanagar,Balanagar,balanagar,published,PUBLISHED,Sanath Nagar,west,true,true,true,https://turbofix.in/locations/balanagar,true,,Live page — verified and indexable.,SANATH NAGAR | BOWENPALLY,
Balkampet,balkampet,Balkampet,balkampet,published,PUBLISHED,Begumpet,central,true,true,true,https://turbofix.in/locations/balkampet,true,,Live page — verified and indexable.,BEGUMPET | AMEERPET | SR NAGAR,
Banjara Hills,banjarahills,Banjara Hills,banjara-hills,published,PUBLISHED,Jubilee Hills,central,true,true,true,https://turbofix.in/locations/banjara-hills,true,,Live page — verified and indexable.,BANJARA HILLS,
Barkas,barkas,Barkas,barkas,published,PUBLISHED,Chandrayangutta,south,true,true,true,https://turbofix.in/locations/barkas,true,,Live page — verified and indexable.,OLD CITY / CHANDRAYANGUTTA | OLD CITY / BARKAS | OLD CITY / KANCHANBAGH,
Basheerbagh,basheerbagh,Basheerbagh,basheerbagh,published,PUBLISHED,Abids,central,true,true,true,https://turbofix.in/locations/basheerbagh,true,,Live page — verified and indexable.,HIMAYATNAGAR / BASHEERBAGH,
Batasingaram,batasingaram,Batasingaram,batasingaram,published,PUBLISHED,Hayathnagar,outskirts,true,true,true,https://turbofix.in/locations/batasingaram,true,,Live page — verified and indexable.,HAYATHNAGAR,
Beeramguda,beeramguda,Beeramguda,beeramguda,published,PUBLISHED,Patancheru,west,true,true,true,https://turbofix.in/locations/beeramguda,true,,Live page — verified and indexable.,PATANCHERU | BEERAMGUDA | AMEENPUR | RC PURAM,
Begumpet,begumpet,Begumpet,begumpet,published,PUBLISHED,Somajiguda,central,true,true,true,https://turbofix.in/locations/begumpet,true,,Live page — verified and indexable.,SOMAJIGUDA | BEGUMPET,
Bhagya Nagar Colony,bhagyanagarcolony,Bhagya Nagar Colony,bhagya-nagar-colony,published,PUBLISHED,Kukatpally,west,true,true,true,https://turbofix.in/locations/bhagya-nagar-colony,true,,Live page — verified and indexable.,KUKATPALLY / NORTHWEST,
Bharat Nagar,bharatnagar,Bharat Nagar,bharat-nagar,published,PUBLISHED,Sanath Nagar,central,true,true,true,https://turbofix.in/locations/bharat-nagar,true,,Live page — verified and indexable.,SANATH NAGAR | ERRAGADDA,
Bhoiguda,bhoiguda,Bhoiguda,bhoiguda,published,PUBLISHED,Musheerabad,north,true,true,true,https://turbofix.in/locations/bhoiguda,true,,Live page — verified and indexable.,SECUNDERABAD / NORTH,
Bholakpur,bholakpur,Bholakpur,bholakpur,published,PUBLISHED,Musheerabad,north,true,true,true,https://turbofix.in/locations/bholakpur,true,,Live page — verified and indexable.,SECUNDERABAD / NORTH | ADDITIONAL LOCALITIES,
BN Reddy Nagar,bnreddynagar,BN Reddy Nagar,bn-reddy-nagar,published,PUBLISHED,Vanasthalipuram,east,true,true,true,https://turbofix.in/locations/bn-reddy-nagar,true,,Live page — verified and indexable.,VANASTHALIPURAM | HASTHINAPURAM | BN REDDY NAGAR | HAYATHNAGAR,
Boduppal,boduppal,Boduppal,boduppal,published,PUBLISHED,Uppal,north,true,true,true,https://turbofix.in/locations/boduppal,true,,Live page — verified and indexable.,UPPAL | BODUPPAL | PEERZADIGUDA,
Boggulkunta,boggulkunta,Boggulkunta,boggulkunta,published,PUBLISHED,Abids,central,true,true,true,https://turbofix.in/locations/boggulkunta,true,,Live page — verified and indexable.,CENTRAL HYDERABAD,
Bolarum,bolarum,Bolarum,bolarum,published,PUBLISHED,Alwal,north,true,true,true,https://turbofix.in/locations/bolarum,true,,Live page — verified and indexable.,ALWAL | SUCHITRA | TRIMULGHERRY | ADDITIONAL LOCALITIES,
Bollaram,bollaram,Bollaram,bollaram,published,PUBLISHED,Alwal,north,true,true,true,https://turbofix.in/locations/bollaram,true,,Live page — verified and indexable.,ADDITIONAL LOCALITIES,
Bongloor,bongloor,Bongloor,bongloor,published,PUBLISHED,Adibatla,outskirts,true,true,true,https://turbofix.in/locations/bongloor,true,,Live page — verified and indexable.,AIRPORT / SOUTH / ADIBATLA | AIRPORT / SOUTH / TURKAYAMJAL | AIRPORT / SOUTH / IBRAHIMPATNAM,
Borabanda,borabanda,Borabanda,borabanda,published,PUBLISHED,Erragadda,central,true,true,true,https://turbofix.in/locations/borabanda,true,,Live page — verified and indexable.,ERRAGADDA,
Bowenpally,bowenpally,Bowenpally,bowenpally,published,PUBLISHED,Secunderabad,north,true,true,true,https://turbofix.in/locations/bowenpally,true,,Live page — verified and indexable.,SUCHITRA | BOWENPALLY | TRIMULGHERRY,
Bowrampet,bowrampet,Bowrampet,bowrampet,published,PUBLISHED,Bachupally,west,true,true,true,https://turbofix.in/locations/bowrampet,true,,Live page — verified and indexable.,BACHUPALLY | ADDITIONAL LOCALITIES,
Budwel,budwel,Budwel,budwel,published,PUBLISHED,Rajendranagar,south,true,true,true,https://turbofix.in/locations/budwel,true,,Live page — verified and indexable.,RAJENDRANAGAR,
Chaderghat,chaderghat,Chaderghat,chaderghat,published,PUBLISHED,Malakpet,south,true,true,true,https://turbofix.in/locations/chaderghat,true,,Live page — verified and indexable.,CENTRAL HYDERABAD,
Chaitanya Enclave,chaitanyaenclave,Chaitanya Enclave,chaitanya-enclave,published,PUBLISHED,Manikonda,west,true,true,true,https://turbofix.in/locations/chaitanya-enclave,true,,Live page — verified and indexable.,MANIKONDA,
Chaitanyapuri,chaitanyapuri,Chaitanyapuri,chaitanyapuri,published,PUBLISHED,Dilsukhnagar,east,true,true,true,https://turbofix.in/locations/chaitanyapuri,true,,Live page — verified and indexable.,LB NAGAR / EAST / SOUTH-EAST | KOTHAPET | DILSUKHNAGAR,
Champapet,champapet,Champapet,champapet,published,PUBLISHED,Santoshnagar,south,true,true,true,https://turbofix.in/locations/champapet,true,,Live page — verified and indexable.,OLD CITY / SANTOSHNAGAR | SAROORNAGAR,
Chanchalguda,chanchalguda,Chanchalguda,chanchalguda,published,PUBLISHED,Saidabad,south,true,true,true,https://turbofix.in/locations/chanchalguda,true,,Live page — verified and indexable.,OLD CITY / DABEERPURA | OLD CITY / YAKUTPURA | OLD CITY / SAIDABAD | OLD CITY / REIN BAZAAR | OLD CITY / CHANCHALGUDA | OLD CITY / MADANNAPET,
Chandanagar,chandanagar,Chandanagar,chandanagar,published,PUBLISHED,Miyapur,west,true,true,true,https://turbofix.in/locations/chandanagar,true,,Live page — verified and indexable.,MIYAPUR | HAFEEZPET | CHANDANAGAR | LINGAMPALLY | AMEENPUR,
Chandrayangutta,chandrayangutta,Chandrayangutta,chandrayangutta,published,PUBLISHED,Falaknuma,south,true,true,true,https://turbofix.in/locations/chandrayangutta,true,,Live page — verified and indexable.,OLD CITY / CHANDRAYANGUTTA | OLD CITY / BARKAS | OLD CITY / KANCHANBAGH,
Charminar,charminar,Charminar,charminar,published,PUBLISHED,Falaknuma,south,true,true,true,https://turbofix.in/locations/charminar,true,,Live page — verified and indexable.,OLD CITY / CHARMINAR | OLD CITY / SHAHALIBANDA | OLD CITY / MOGHALPURA | OLD CITY / HUSSAINI ALAM,
Chengicherla,chengicherla,Chengicherla,chengicherla,published,PUBLISHED,Boduppal,north,true,true,true,https://turbofix.in/locations/chengicherla,true,,Live page — verified and indexable.,BODUPPAL | PEERZADIGUDA,
Cherlapally,cherlapally,Cherlapally,cherlapally,published,PUBLISHED,Kapra,north,true,true,true,https://turbofix.in/locations/cherlapally,true,,Live page — verified and indexable. Multiple spellings seen in the supplied list: Cherlapally / Charlapally.,ECIL | KAPRA | EAST / NORTH-EAST / KEESARA | EAST / NORTH-EAST / DAMMAIGUDA | EAST / NORTH-EAST / NAGARAM | EAST / NORTH-EAST / RAMPALLY | ADDITIONAL LOCALITIES,Spelling variants: Cherlapally / Charlapally
Chilkalguda,chilkalguda,Chilkalguda,chilkalguda,published,PUBLISHED,Secunderabad,north,true,true,true,https://turbofix.in/locations/chilkalguda,true,,Live page — verified and indexable.,SECUNDERABAD / NORTH,
Chilkanagar,chilkanagar,Chilkanagar,chilkanagar,published,PUBLISHED,Uppal,north,true,true,true,https://turbofix.in/locations/chilkanagar,true,,Live page — verified and indexable.,UPPAL | NACHARAM,
Chintal,chintal,Chintal,chintal,published,PUBLISHED,Jeedimetla,west,true,true,true,https://turbofix.in/locations/chintal,true,,Live page — verified and indexable.,ADDITIONAL LOCALITIES,
Chintalkunta,chintalkunta,Chintalkunta,chintalkunta,published,PUBLISHED,LB Nagar,east,true,true,true,https://turbofix.in/locations/chintalkunta,true,,Live page — verified and indexable.,LB NAGAR / EAST / SOUTH-EAST | VANASTHALIPURAM | HASTHINAPURAM | CHINTALKUNTA,
Czech Colony,czechcolony,Czech Colony,czech-colony,published,PUBLISHED,Sanath Nagar,central,true,true,true,https://turbofix.in/locations/czech-colony,true,,Live page — verified and indexable.,SANATH NAGAR,
Dabeerpura,dabeerpura,Dabeerpura,dabeerpura,published,PUBLISHED,Yakutpura,south,true,true,true,https://turbofix.in/locations/dabeerpura,true,,Live page — verified and indexable.,OLD CITY / CHARMINAR | OLD CITY / MALAKPET | OLD CITY / DABEERPURA | OLD CITY / YAKUTPURA | OLD CITY / REIN BAZAAR | OLD CITY / CHANCHALGUDA | OLD CITY / MADANNAPET,
Dammaiguda,dammaiguda,Dammaiguda,dammaiguda,published,PUBLISHED,Kapra,outskirts,true,true,true,https://turbofix.in/locations/dammaiguda,true,,Live page — verified and indexable.,EAST / NORTH-EAST / KEESARA | EAST / NORTH-EAST / DAMMAIGUDA | EAST / NORTH-EAST / NAGARAM | EAST / NORTH-EAST / RAMPALLY | EAST / NORTH-EAST / JAWAHAR NAGAR,
Darulshifa,darulshifa,Darulshifa,darulshifa,published,PUBLISHED,Charminar,south,true,true,true,https://turbofix.in/locations/darulshifa,true,,Live page — verified and indexable.,OLD CITY / CHARMINAR | OLD CITY / DABEERPURA | OLD CITY / YAKUTPURA,
Darussalam,darussalam,Darussalam,darussalam,published,PUBLISHED,Nampally,central,true,true,true,https://turbofix.in/locations/darussalam,true,,Live page — verified and indexable.,NAMPALLY,
Deepthisree Nagar,deepthisreenagar,Deepthisree Nagar,deepthisree-nagar,published,PUBLISHED,Miyapur,west,true,true,true,https://turbofix.in/locations/deepthisree-nagar,true,,Live page — verified and indexable.,MIYAPUR | CHANDANAGAR,
Dhoolpet,dhoolpet,Dhoolpet,dhoolpet,published,PUBLISHED,Nampally,central,true,true,true,https://turbofix.in/locations/dhoolpet,true,,Live page — verified and indexable. Multiple spellings seen in the supplied list: Dhoolpet / Doolpet.,NAMPALLY,Spelling variants: Dhoolpet / Doolpet
Dilsukhnagar,dilsukhnagar,Dilsukhnagar,dilsukhnagar,published,PUBLISHED,LB Nagar,east,true,true,true,https://turbofix.in/locations/dilsukhnagar,true,,Live page — verified and indexable.,KOTHAPET | DILSUKHNAGAR,
Domalguda,domalguda,Domalguda,domalguda,published,PUBLISHED,Himayatnagar,central,true,true,true,https://turbofix.in/locations/domalguda,true,,Live page — verified and indexable.,HIMAYATNAGAR / BASHEERBAGH,
Doodh Bowli,doodhbowli,Doodh Bowli,doodh-bowli,published,PUBLISHED,Bahadurpura,south,true,true,true,https://turbofix.in/locations/doodh-bowli,true,,Live page — verified and indexable.,OLD CITY / FALAKNUMA | OLD CITY / BAHADURPURA,
Doolapally,doolapally,Doolapally,doolapally,published,PUBLISHED,Kompally,north,true,true,true,https://turbofix.in/locations/doolapally,true,,Live page — verified and indexable.,ADDITIONAL LOCALITIES,
Dundigal,dundigal,Dundigal,dundigal,published,PUBLISHED,Bachupally,outskirts,true,true,true,https://turbofix.in/locations/dundigal,true,,Live page — verified and indexable.,BACHUPALLY | ADDITIONAL LOCALITIES,
Dwarakapuri Colony,dwarakapuricolony,Dwarakapuri Colony,dwarakapuri-colony,published,PUBLISHED,Irrum Manzil,central,true,true,true,https://turbofix.in/locations/dwarakapuri-colony,true,,Live page — verified and indexable.,KHAIRATABAD,
ECIL,ecil,ECIL,ecil,published,PUBLISHED,AS Rao Nagar,north,true,true,true,https://turbofix.in/locations/ecil,true,,Live page — verified and indexable.,MALLAPUR | SAINIKPURI | ECIL | AS RAO NAGAR | KAPRA | EAST / NORTH-EAST / NAGARAM | EAST / NORTH-EAST / RAMPALLY,
Erragadda,erragadda,Erragadda,erragadda,published,PUBLISHED,Sanath Nagar,central,true,true,true,https://turbofix.in/locations/erragadda,true,,Live page — verified and indexable.,SANATH NAGAR | ERRAGADDA,
Errum Manzil,errummanzil,Errum Manzil,irrum-manzil,published,ALIAS,,central,true,false,false,,false,Irrum Manzil,"Same real locality as the published ""Irrum Manzil"" page (supplied under a different name/spelling) — not a separate page, avoids duplicate content. Multiple spellings seen in the supplied list: Errum Manzil / Irrum Manzil.",KHAIRATABAD | PUNJAGUTTA | SOMAJIGUDA,Spelling variants: Errum Manzil / Irrum Manzil
Falaknuma,falaknuma,Falaknuma,falaknuma,published,PUBLISHED,Charminar,south,true,true,true,https://turbofix.in/locations/falaknuma,true,,Live page — verified and indexable.,OLD CITY / FALAKNUMA | OLD CITY / BAHADURPURA,
Fathenagar,fathenagar,Fathenagar,fathenagar,published,PUBLISHED,Sanath Nagar,central,true,true,true,https://turbofix.in/locations/fathenagar,true,,Live page — verified and indexable.,SANATH NAGAR,
Ferozguda,ferozguda,Ferozguda,ferozguda,published,PUBLISHED,Bowenpally,north,true,true,true,https://turbofix.in/locations/ferozguda,true,,Live page — verified and indexable.,BOWENPALLY,
Film Nagar,filmnagar,Film Nagar,film-nagar,published,PUBLISHED,Banjara Hills,central,true,true,true,https://turbofix.in/locations/film-nagar,true,,Live page — verified and indexable.,BANJARA HILLS | JUBILEE HILLS | YOUSUFGUDA | SHAIKPET,
Financial District,financialdistrict,Financial District,financial-district,published,PUBLISHED,Gachibowli,west,true,true,true,https://turbofix.in/locations/financial-district,true,,Live page — verified and indexable.,GACHIBOWLI | FINANCIAL DISTRICT | NANAKRAMGUDA,
Gachibowli,gachibowli,Gachibowli,gachibowli,published,PUBLISHED,HITEC City,west,true,true,true,https://turbofix.in/locations/gachibowli,true,,Live page — verified and indexable.,GACHIBOWLI | FINANCIAL DISTRICT | NANAKRAMGUDA | RAIDURG | OSMAN NAGAR | LINGAMPALLY,
Gaddiannaram,gaddiannaram,Gaddiannaram,gaddiannaram,published,PUBLISHED,Dilsukhnagar,east,true,true,true,https://turbofix.in/locations/gaddiannaram,true,,Live page — verified and indexable.,KOTHAPET | DILSUKHNAGAR | SAROORNAGAR,
Gajularamaram,gajularamaram,Gajularamaram,gajularamaram,published,PUBLISHED,Kukatpally,west,true,true,true,https://turbofix.in/locations/gajularamaram,true,,Live page — verified and indexable.,ADDITIONAL LOCALITIES,
Gautam Nagar,gautamnagar,Gautam Nagar,gautam-nagar,published,PUBLISHED,Malkajgiri,north,true,true,true,https://turbofix.in/locations/gautam-nagar,true,,Live page — verified and indexable.,MALKAJGIRI,
Gayatri Hills,gayatrihills,Gayatri Hills,gayatri-hills,published,PUBLISHED,Jubilee Hills,central,true,true,true,https://turbofix.in/locations/gayatri-hills,true,,Live page — verified and indexable.,JUBILEE HILLS,
Ghansi Bazaar,ghansibazaar,Ghansi Bazaar,ghansi-bazaar,published,PUBLISHED,Charminar,south,true,true,true,https://turbofix.in/locations/ghansi-bazaar,true,,Live page — verified and indexable.,OLD CITY / CHARMINAR,
Ghatkesar,ghatkesar,Ghatkesar,ghatkesar,published,PUBLISHED,Peerzadiguda,east,true,true,true,https://turbofix.in/locations/ghatkesar,true,,Live page — verified and indexable.,EAST / NORTH-EAST / GHATKESAR | EAST / NORTH-EAST / POCHARAM,
Golconda,golconda,Golconda,golconda,published,PUBLISHED,Tolichowki,south,true,true,true,https://turbofix.in/locations/golconda,true,,Live page — verified and indexable.,LANGER HOUZ,
Gollapally,gollapally,Gollapally,gollapally,published,PUBLISHED,Shamshabad,south,true,true,true,https://turbofix.in/locations/gollapally,true,,Live page — verified and indexable.,AIRPORT / SOUTH / SHAMSHABAD,
Gosha Mahal,goshamahal,Gosha Mahal,gosha-mahal,published,PUBLISHED,Nampally,central,true,true,true,https://turbofix.in/locations/gosha-mahal,true,,Live page — verified and indexable.,NAMPALLY,
Gowlidoddi,gowlidoddi,Gowlidoddi,gowlidoddi,published,PUBLISHED,Gachibowli,west,true,true,true,https://turbofix.in/locations/gowlidoddi,true,,Live page — verified and indexable.,GACHIBOWLI | FINANCIAL DISTRICT | ADDITIONAL LOCALITIES,
Gowlipura,gowlipura,Gowlipura,gowlipura,published,PUBLISHED,Bahadurpura,south,true,true,true,https://turbofix.in/locations/gowlipura,true,,Live page — verified and indexable.,OLD CITY / SANTOSHNAGAR,
Gudimalkapur,gudimalkapur,Gudimalkapur,gudimalkapur,published,PUBLISHED,Mehdipatnam,south,true,true,true,https://turbofix.in/locations/gudimalkapur,true,,Live page — verified and indexable.,MEHDIPATNAM / SOUTH-CENTRAL,
Gundlapochampally,gundlapochampally,Gundlapochampally,gundlapochampally,published,PUBLISHED,Kompally,north,true,true,true,https://turbofix.in/locations/gundlapochampally,true,,Live page — verified and indexable.,KOMPALLY | MEDCHAL | ADDITIONAL LOCALITIES,
Habsiguda,habsiguda,Habsiguda,habsiguda,published,PUBLISHED,Tarnaka,north,true,true,true,https://turbofix.in/locations/habsiguda,true,,Live page — verified and indexable.,TARNAKA | HABSIGUDA | RAMANTHAPUR,
Hafeezpet,hafeezpet,Hafeezpet,hafeezpet,published,PUBLISHED,Miyapur,west,true,true,true,https://turbofix.in/locations/hafeezpet,true,,Live page — verified and indexable.,KONDAPUR | MIYAPUR | HAFEEZPET | AMEENPUR,
Hanuman Nagar,hanumannagar,Hanuman Nagar,hanuman-nagar,published,PUBLISHED,Kondapur,west,true,true,true,https://turbofix.in/locations/hanuman-nagar,true,,Live page — verified and indexable.,KONDAPUR,
Hasmathpet,hasmathpet,Hasmathpet,hasmathpet,published,PUBLISHED,Bowenpally,north,true,true,true,https://turbofix.in/locations/hasmathpet,true,,Live page — verified and indexable.,BOWENPALLY,
Hasthinapuram,hasthinapuram,Hasthinapuram,hasthinapuram,published,PUBLISHED,LB Nagar,east,true,true,true,https://turbofix.in/locations/hasthinapuram,true,,Live page — verified and indexable.,LB NAGAR / EAST / SOUTH-EAST | VANASTHALIPURAM | HASTHINAPURAM | BN REDDY NAGAR | CHINTALKUNTA,
Hayathnagar,hayathnagar,Hayathnagar,hayathnagar,published,PUBLISHED,Vanasthalipuram,east,true,true,true,https://turbofix.in/locations/hayathnagar,true,,Live page — verified and indexable.,MANSOORABAD | VANASTHALIPURAM | HASTHINAPURAM | BN REDDY NAGAR | HAYATHNAGAR | CHINTALKUNTA,
Himayatnagar,himayatnagar,Himayatnagar,himayatnagar,published,PUBLISHED,Somajiguda,central,true,true,true,https://turbofix.in/locations/himayatnagar,true,,Live page — verified and indexable.,HIMAYATNAGAR / BASHEERBAGH,
HITEC City,hiteccity,HITEC City,hitech-city,published,PUBLISHED,Madhapur,west,true,true,true,https://turbofix.in/locations/hitech-city,true,,Live page — verified and indexable.,WEST HYDERABAD / IT CORRIDOR,
Humayun Nagar,humayunnagar,Humayun Nagar,humayun-nagar,published,PUBLISHED,Mehdipatnam,south,true,true,true,https://turbofix.in/locations/humayun-nagar,true,,Live page — verified and indexable.,MEHDIPATNAM / SOUTH-CENTRAL | TOLICHOWKI,
Hussaini Alam,hussainialam,Hussaini Alam,hussaini-alam,published,PUBLISHED,Charminar,south,true,true,true,https://turbofix.in/locations/hussaini-alam,true,,Live page — verified and indexable.,OLD CITY / CHARMINAR | OLD CITY / SHAHALIBANDA | OLD CITY / MOGHALPURA | OLD CITY / HUSSAINI ALAM | OLD CITY / YAKUTPURA,
Hyder Nagar,hydernagar,Hyder Nagar,hyder-nagar,published,PUBLISHED,Kukatpally,west,true,true,true,https://turbofix.in/locations/hyder-nagar,true,,Live page — verified and indexable.,KUKATPALLY / NORTHWEST | NIZAMPET | PRAGATHI NAGAR,
Hyderguda,hyderguda,Hyderguda,hyderguda,published,PUBLISHED,Basheerbagh,central,true,true,true,https://turbofix.in/locations/hyderguda,true,,Live page — verified and indexable.,HIMAYATNAGAR / BASHEERBAGH | ATTAPUR,
Ibrahimpatnam,ibrahimpatnam,Ibrahimpatnam,ibrahimpatnam,published,PUBLISHED,Hayathnagar,outskirts,true,true,true,https://turbofix.in/locations/ibrahimpatnam,true,,Live page — verified and indexable.,AIRPORT / SOUTH / IBRAHIMPATNAM,
Image Gardens,imagegardens,Image Gardens,image-gardens,published,PUBLISHED,Madhapur,west,true,true,true,https://turbofix.in/locations/image-gardens,true,,Live page — verified and indexable.,WEST HYDERABAD / IT CORRIDOR,
Indira Nagar,indiranagar,Indira Nagar,indira-nagar,published,PUBLISHED,Gachibowli,west,true,true,true,https://turbofix.in/locations/indira-nagar,true,,Live page — verified and indexable.,GACHIBOWLI,
Isnapur,isnapur,Isnapur,isnapur,published,PUBLISHED,Patancheru,west,true,true,true,https://turbofix.in/locations/isnapur,true,,Live page — verified and indexable.,PATANCHERU,
Jahanuma,jahanuma,Jahanuma,jahanuma,published,PUBLISHED,Falaknuma,south,true,true,true,https://turbofix.in/locations/jahanuma,true,,Live page — verified and indexable.,OLD CITY / FALAKNUMA,
Jambagh,jambagh,Jambagh,jambagh,published,PUBLISHED,Abids,central,true,true,true,https://turbofix.in/locations/jambagh,true,,Live page — verified and indexable.,CENTRAL HYDERABAD,
Jangammet,jangammet,Jangammet,jangammet,published,PUBLISHED,Falaknuma,south,true,true,true,https://turbofix.in/locations/jangammet,true,,Live page — verified and indexable.,OLD CITY / CHANDRAYANGUTTA | OLD CITY / BARKAS,
Jeedimetla,jeedimetla,Jeedimetla,jeedimetla,published,PUBLISHED,Kukatpally,west,true,true,true,https://turbofix.in/locations/jeedimetla,true,,Live page — verified and indexable.,KOMPALLY | SUCHITRA | ADDITIONAL LOCALITIES,
Jillelaguda,jillelaguda,Jillelaguda,jillelaguda,published,PUBLISHED,Meerpet,south,true,true,true,https://turbofix.in/locations/jillelaguda,true,,Live page — verified and indexable.,MEERPET | JILLELAGUDA | BADANGPET,
Jubilee Hills,jubileehills,Jubilee Hills,jubilee-hills,published,PUBLISHED,Banjara Hills,central,true,true,true,https://turbofix.in/locations/jubilee-hills,true,,Live page — verified and indexable.,JUBILEE HILLS,
Kalapather,kalapather,Kalapather,kalapathar,published,ALIAS,,south,true,false,false,,false,Kalapathar,"Same real locality as the published ""Kalapathar"" page (supplied under a different name/spelling) — not a separate page, avoids duplicate content. Multiple spellings seen in the supplied list: Kalapather / Kalapathar.",OLD CITY / SHAHALIBANDA | OLD CITY / BAHADURPURA,Spelling variants: Kalapather / Kalapathar
Kanchanbagh,kanchanbagh,Kanchanbagh,kanchanbagh,published,PUBLISHED,Saidabad,south,true,true,true,https://turbofix.in/locations/kanchanbagh,true,,Live page — verified and indexable.,OLD CITY / CHANDRAYANGUTTA | OLD CITY / BARKAS | OLD CITY / KANCHANBAGH,
Kapra,kapra,Kapra,kapra,published,PUBLISHED,ECIL,north,true,true,true,https://turbofix.in/locations/kapra,true,,Live page — verified and indexable.,MALLAPUR | SAINIKPURI | ECIL | AS RAO NAGAR | KAPRA | EAST / NORTH-EAST / NAGARAM | EAST / NORTH-EAST / JAWAHAR NAGAR,
Karkhana,karkhana,Karkhana,karkhana,published,PUBLISHED,Bowenpally,north,true,true,true,https://turbofix.in/locations/karkhana,true,,Live page — verified and indexable.,SECUNDERABAD / NORTH | TRIMULGHERRY,
Karmanghat,karmanghat,Karmanghat,karmanghat,published,PUBLISHED,Saroor Nagar,east,true,true,true,https://turbofix.in/locations/karmanghat,true,,Live page — verified and indexable.,MEERPET | JILLELAGUDA,
Kavadiguda,kavadiguda,Kavadiguda,kavadiguda,published,PUBLISHED,Domalguda,central,true,true,true,https://turbofix.in/locations/kavadiguda,true,,Live page — verified and indexable.,SECUNDERABAD / NORTH | ADDITIONAL LOCALITIES,
Kavuri Hills,kavurihills,Kavuri Hills,kavuri-hills,published,PUBLISHED,Jubilee Hills,west,true,true,true,https://turbofix.in/locations/kavuri-hills,true,,Live page — verified and indexable.,JUBILEE HILLS | WEST HYDERABAD / IT CORRIDOR | MADHAPUR,
Keesara,keesara,Keesara,keesara,published,PUBLISHED,Ghatkesar,outskirts,true,true,true,https://turbofix.in/locations/keesara,true,,Live page — verified and indexable.,EAST / NORTH-EAST / KEESARA | EAST / NORTH-EAST / DAMMAIGUDA | EAST / NORTH-EAST / NAGARAM | EAST / NORTH-EAST / RAMPALLY | EAST / NORTH-EAST / JAWAHAR NAGAR,
Khairatabad,khairatabad,Khairatabad,khairatabad,published,PUBLISHED,Banjara Hills,central,true,true,true,https://turbofix.in/locations/khairatabad,true,,Live page — verified and indexable.,LAKDICAPUL / SAIFABAD | KHAIRATABAD | PUNJAGUTTA | SOMAJIGUDA,
Khajaguda,khajaguda,Khajaguda,khajaguda,published,PUBLISHED,Gachibowli,west,true,true,true,https://turbofix.in/locations/khajaguda,true,,Live page — verified and indexable.,GACHIBOWLI | NANAKRAMGUDA | MANIKONDA | PUPPALAGUDA | KOKAPET | SHAIKPET | ADDITIONAL LOCALITIES,
King Koti,kingkoti,King Koti,king-koti,published,PUBLISHED,Abids,central,true,true,true,https://turbofix.in/locations/king-koti,true,,Live page — verified and indexable.,CENTRAL HYDERABAD | HIMAYATNAGAR / BASHEERBAGH,
Kishan Bagh,kishanbagh,Kishan Bagh,kishan-bagh,published,PUBLISHED,Attapur,south,true,true,true,https://turbofix.in/locations/kishan-bagh,true,,Live page — verified and indexable.,ATTAPUR | RAJENDRANAGAR | OLD CITY / FALAKNUMA | OLD CITY / BAHADURPURA,
Kokapet,kokapet,Kokapet,kokapet,published,PUBLISHED,Narsingi,west,true,true,true,https://turbofix.in/locations/kokapet,true,,Live page — verified and indexable.,GACHIBOWLI | FINANCIAL DISTRICT | KOKAPET,
Kollur,kollur,Kollur,kollur,published,PUBLISHED,Tellapur,west,true,true,true,https://turbofix.in/locations/kollur,true,,Live page — verified and indexable.,OSMAN NAGAR | KOLLUR,
Kompally,kompally,Kompally,kompally,published,PUBLISHED,Alwal,north,true,true,true,https://turbofix.in/locations/kompally,true,,Live page — verified and indexable.,KOMPALLY | SUCHITRA | MEDCHAL,
Kondapur,kondapur,Kondapur,kondapur,published,PUBLISHED,Madhapur,west,true,true,true,https://turbofix.in/locations/kondapur,true,,Live page — verified and indexable.,WEST HYDERABAD / IT CORRIDOR | KONDAPUR | HAFEEZPET,
Kongara Kalan,kongarakalan,Kongara Kalan,kongara-kalan,published,PUBLISHED,Adibatla,outskirts,true,true,true,https://turbofix.in/locations/kongara-kalan,true,,Live page — verified and indexable.,AIRPORT / SOUTH / ADIBATLA | AIRPORT / SOUTH / KONGARA KALAN | AIRPORT / SOUTH / TUKKUGUDA | AIRPORT / SOUTH / MAHESHWARAM,
Kothaguda,kothaguda,Kothaguda,kothaguda,published,PUBLISHED,Kondapur,west,true,true,true,https://turbofix.in/locations/kothaguda,true,,Live page — verified and indexable.,MADHAPUR | KONDAPUR,
Kothapet,kothapet,Kothapet,kothapet,published,PUBLISHED,Dilsukhnagar,east,true,true,true,https://turbofix.in/locations/kothapet,true,,Live page — verified and indexable.,LB NAGAR / EAST / SOUTH-EAST | KOTHAPET | DILSUKHNAGAR | SAROORNAGAR | NAGOLE,
Kothwalguda,kothwalguda,Kothwalguda,kothwalguda,published,PUBLISHED,Shamshabad,south,true,true,true,https://turbofix.in/locations/kothwalguda,true,,Live page — verified and indexable.,AIRPORT / SOUTH / SHAMSHABAD,
Koti,koti,Koti,koti,published,PUBLISHED,Abids,central,true,true,true,https://turbofix.in/locations/koti,true,,Live page — verified and indexable.,CENTRAL HYDERABAD,
KPHB,kphb,KPHB,kphb,published,ALIAS,,west,true,false,false,,false,KPHB Colony,"Same real locality as the published ""KPHB Colony"" page (supplied under a different name/spelling) — not a separate page, avoids duplicate content. Multiple spellings seen in the supplied list: KPHB / KPHB Colony.",KUKATPALLY / NORTHWEST | PRAGATHI NAGAR,Spelling variants: KPHB / KPHB Colony
Kukatpally,kukatpally,Kukatpally,kukatpally,published,PUBLISHED,KPHB Colony,west,true,true,true,https://turbofix.in/locations/kukatpally,true,,Live page — verified and indexable.,KUKATPALLY / NORTHWEST,
Kulsumpura,kulsumpura,Kulsumpura,kulsumpura,published,PUBLISHED,Asif Nagar,central,true,true,true,https://turbofix.in/locations/kulsumpura,true,,Live page — verified and indexable.,NAMPALLY,
Kuntloor,kuntloor,Kuntloor,kuntloor,published,PUBLISHED,Hayathnagar,outskirts,true,true,true,https://turbofix.in/locations/kuntloor,true,,Live page — verified and indexable.,HAYATHNAGAR,
Kushaiguda,kushaiguda,Kushaiguda,kushaiguda,published,PUBLISHED,ECIL,north,true,true,true,https://turbofix.in/locations/kushaiguda,true,,Live page — verified and indexable.,ECIL | AS RAO NAGAR | KAPRA,
Laad Bazaar,laadbazaar,Laad Bazaar,laad-bazaar,published,PUBLISHED,Charminar,south,true,true,true,https://turbofix.in/locations/laad-bazaar,true,,Live page — verified and indexable.,OLD CITY / CHARMINAR,
Lakdi Ka Pul,lakdikapul,Lakdi Ka Pul,lakdikapul,published,ALIAS,,central,true,false,false,,false,Lakdikapul,"Same real locality as the published ""Lakdikapul"" page (supplied under a different name/spelling) — not a separate page, avoids duplicate content. Multiple spellings seen in the supplied list: Lakdi Ka Pul / Lakdikapul.",NAMPALLY | LAKDICAPUL / SAIFABAD,Spelling variants: Lakdi Ka Pul / Lakdikapul
Lalaguda,lalaguda,Lalaguda,lalaguda,published,PUBLISHED,Tarnaka,north,true,true,true,https://turbofix.in/locations/lalaguda,true,,Live page — verified and indexable.,SECUNDERABAD / NORTH | ADDITIONAL LOCALITIES,
Langer Houz,langerhouz,Langer Houz,langer-houz,published,PUBLISHED,Mehdipatnam,south,true,true,true,https://turbofix.in/locations/langer-houz,true,,Live page — verified and indexable. Multiple spellings seen in the supplied list: Langer Houz / Langer House.,MEHDIPATNAM / SOUTH-CENTRAL | TOLICHOWKI | LANGER HOUZ,Spelling variants: Langer Houz / Langer House
LB Nagar,lbnagar,LB Nagar,lb-nagar,published,PUBLISHED,Dilsukhnagar,east,true,true,true,https://turbofix.in/locations/lb-nagar,true,,Live page — verified and indexable.,LB NAGAR / EAST / SOUTH-EAST | KOTHAPET | NAGOLE | MANSOORABAD | CHINTALKUNTA,
Lingampally,lingampally,Lingampally,lingampally,published,PUBLISHED,Chandanagar,west,true,true,true,https://turbofix.in/locations/lingampally,true,,Live page — verified and indexable. Multiple spellings seen in the supplied list: Lingampally / Serilingampally.,TELLAPUR | CHANDANAGAR | LINGAMPALLY | RC PURAM,Spelling variants: Lingampally / Serilingampally
Lingojiguda,lingojiguda,Lingojiguda,lingojiguda,published,PUBLISHED,Saroor Nagar,east,true,true,true,https://turbofix.in/locations/lingojiguda,true,,Live page — verified and indexable.,SAROORNAGAR,
Lothkunta,lothkunta,Lothkunta,lothkunta,published,PUBLISHED,Trimulgherry,north,true,true,true,https://turbofix.in/locations/lothkunta,true,,Live page — verified and indexable.,ALWAL,
Madannapet,madannapet,Madannapet,madannapet,published,PUBLISHED,Saidabad,south,true,true,true,https://turbofix.in/locations/madannapet,true,,Live page — verified and indexable.,OLD CITY / YAKUTPURA | OLD CITY / SAIDABAD | OLD CITY / REIN BAZAAR | OLD CITY / CHANCHALGUDA | OLD CITY / MADANNAPET,
Madhapur,madhapur,Madhapur,madhapur,published,PUBLISHED,HITEC City,west,true,true,true,https://turbofix.in/locations/madhapur,true,,Live page — verified and indexable.,WEST HYDERABAD / IT CORRIDOR | MADHAPUR,
Madhura Nagar,madhuranagar,Madhura Nagar,madhura-nagar,published,PUBLISHED,SR Nagar,central,true,true,true,https://turbofix.in/locations/madhura-nagar,true,,Live page — verified and indexable.,JUBILEE HILLS | YOUSUFGUDA | AIRPORT / SOUTH / SHAMSHABAD,
Madinaguda,madinaguda,Madinaguda,madinaguda,published,PUBLISHED,Chandanagar,west,true,true,true,https://turbofix.in/locations/madinaguda,true,,Live page — verified and indexable. Multiple spellings seen in the supplied list: Madinaguda / Madeenaguda.,MIYAPUR | HAFEEZPET | CHANDANAGAR,Spelling variants: Madinaguda / Madeenaguda
Maheshwaram,maheshwaram,Maheshwaram,maheshwaram,published,PUBLISHED,Shamshabad,outskirts,true,true,true,https://turbofix.in/locations/maheshwaram,true,,Live page — verified and indexable.,AIRPORT / SOUTH / TUKKUGUDA | AIRPORT / SOUTH / MAHESHWARAM,
Mailardevpally,mailardevpally,Mailardevpally,mailardevpally,published,PUBLISHED,Attapur,south,true,true,true,https://turbofix.in/locations/mailardevpally,true,,Live page — verified and indexable.,ATTAPUR | RAJENDRANAGAR,
Maktha Mahboobpet,makthamahboobpet,Maktha Mahboobpet,maktha-mahboobpet,published,PUBLISHED,Miyapur,west,true,true,true,https://turbofix.in/locations/maktha-mahboobpet,true,,Live page — verified and indexable.,ADDITIONAL LOCALITIES,
Malakpet,malakpet,Malakpet,malakpet,published,PUBLISHED,Koti,south,true,true,true,https://turbofix.in/locations/malakpet,true,,Live page — verified and indexable.,OLD CITY / MALAKPET | OLD CITY / DABEERPURA | OLD CITY / REIN BAZAAR | OLD CITY / CHANCHALGUDA,
Malkajgiri,malkajgiri,Malkajgiri,malkajgiri,published,PUBLISHED,Secunderabad,north,true,true,true,https://turbofix.in/locations/malkajgiri,true,,Live page — verified and indexable.,MALKAJGIRI | MOULA ALI,
Mallapur,mallapur,Mallapur,mallapur,published,PUBLISHED,Malkajgiri,north,true,true,true,https://turbofix.in/locations/mallapur,true,,Live page — verified and indexable.,NACHARAM | MALLAPUR,
Mallepally,mallepally,Mallepally,mallepally,published,PUBLISHED,Nampally,central,true,true,true,https://turbofix.in/locations/mallepally,true,,Live page — verified and indexable.,NAMPALLY | MEHDIPATNAM / SOUTH-CENTRAL,
Mangalhat,mangalhat,Mangalhat,mangalhat,published,PUBLISHED,Nampally,central,true,true,true,https://turbofix.in/locations/mangalhat,true,,Live page — verified and indexable.,NAMPALLY,
Manikonda,manikonda,Manikonda,manikonda,published,PUBLISHED,Narsingi,west,true,true,true,https://turbofix.in/locations/manikonda,true,,Live page — verified and indexable.,MANIKONDA | PUPPALAGUDA | NARSINGI,
Mansoorabad,mansoorabad,Mansoorabad,mansoorabad,published,PUBLISHED,LB Nagar,east,true,true,true,https://turbofix.in/locations/mansoorabad,true,,Live page — verified and indexable.,LB NAGAR / EAST / SOUTH-EAST | NAGOLE | MANSOORABAD,
Marredpally,marredpally,Marredpally,marredpally,published,PUBLISHED,Secunderabad,north,true,true,true,https://turbofix.in/locations/marredpally,true,,Live page — verified and indexable.,SECUNDERABAD / NORTH,
Maruthi Nagar,maruthinagar,Maruthi Nagar,new-maruthi-nagar,published,ALIAS,,east,true,false,false,,false,New Maruthi Nagar,"Same real locality as the published ""New Maruthi Nagar"" page (supplied under a different name/spelling) — not a separate page, avoids duplicate content.",DILSUKHNAGAR,
Masab Tank,masabtank,Masab Tank,masab-tank,published,PUBLISHED,Lakdikapul,central,true,true,true,https://turbofix.in/locations/masab-tank,true,,Live page — verified and indexable.,NAMPALLY | LAKDICAPUL / SAIFABAD,
Masjid Banda,masjidbanda,Masjid Banda,masjid-banda,published,PUBLISHED,Kondapur,west,true,true,true,https://turbofix.in/locations/masjid-banda,true,,Live page — verified and indexable.,KONDAPUR,
Medchal,medchal,Medchal,medchal,published,PUBLISHED,Kompally,north,true,true,true,https://turbofix.in/locations/medchal,true,,Live page — verified and indexable.,MEDCHAL | ADDITIONAL LOCALITIES,
Medipally,medipally,Medipally,medipally,published,PUBLISHED,Uppal,north,true,true,true,https://turbofix.in/locations/medipally,true,,Live page — verified and indexable.,UPPAL | BODUPPAL | PEERZADIGUDA | EAST / NORTH-EAST / GHATKESAR | EAST / NORTH-EAST / POCHARAM,
Meerpet,meerpet,Meerpet,meerpet,published,PUBLISHED,LB Nagar,south,true,true,true,https://turbofix.in/locations/meerpet,true,,Live page — verified and indexable.,MEERPET | JILLELAGUDA | BADANGPET,
Mehdipatnam,mehdipatnam,Mehdipatnam,mehdipatnam,published,PUBLISHED,Tolichowki,south,true,true,true,https://turbofix.in/locations/mehdipatnam,true,,Live page — verified and indexable.,MEHDIPATNAM / SOUTH-CENTRAL | TOLICHOWKI | LANGER HOUZ,
Mettuguda,mettuguda,Mettuguda,mettuguda,published,PUBLISHED,Tarnaka,north,true,true,true,https://turbofix.in/locations/mettuguda,true,,Live page — verified and indexable.,SECUNDERABAD / NORTH | TARNAKA,
Mirjalguda,mirjalguda,Mirjalguda,mirjalguda,published,PUBLISHED,Malkajgiri,north,true,true,true,https://turbofix.in/locations/mirjalguda,true,,Live page — verified and indexable.,MALKAJGIRI,
Miyapur,miyapur,Miyapur,miyapur,published,PUBLISHED,Kukatpally,west,true,true,true,https://turbofix.in/locations/miyapur,true,,Live page — verified and indexable.,MIYAPUR | HAFEEZPET | CHANDANAGAR | AMEENPUR,
Moghalpura,moghalpura,Moghalpura,moghalpura,published,PUBLISHED,Charminar,south,true,true,true,https://turbofix.in/locations/moghalpura,true,,Live page — verified and indexable.,OLD CITY / CHARMINAR | OLD CITY / SHAHALIBANDA | OLD CITY / MOGHALPURA | OLD CITY / HUSSAINI ALAM | OLD CITY / YAKUTPURA,
Moosapet,moosapet,Moosapet,moosapet,published,PUBLISHED,Kukatpally,central,true,true,true,https://turbofix.in/locations/moosapet,true,,Live page — verified and indexable.,SANATH NAGAR | ERRAGADDA | KUKATPALLY / NORTHWEST,
Moosarambagh,moosarambagh,Moosarambagh,moosarambagh,published,PUBLISHED,Malakpet,south,true,true,true,https://turbofix.in/locations/moosarambagh,true,,Live page — verified and indexable. Multiple spellings seen in the supplied list: Moosarambagh / Musarambagh.,OLD CITY / MALAKPET | OLD CITY / SAIDABAD | OLD CITY / MADANNAPET | DILSUKHNAGAR,Spelling variants: Moosarambagh / Musarambagh
Moti Nagar,motinagar,Moti Nagar,moti-nagar,published,PUBLISHED,Erragadda,central,true,true,true,https://turbofix.in/locations/moti-nagar,true,,Live page — verified and indexable.,SR NAGAR | SANATH NAGAR | ERRAGADDA,
Moula Ali,moulaali,Moula Ali,moula-ali,published,PUBLISHED,ECIL,north,true,true,true,https://turbofix.in/locations/moula-ali,true,,Live page — verified and indexable.,MALKAJGIRI | MALLAPUR | ECIL | MOULA ALI,
Murad Nagar,muradnagar,Murad Nagar,murad-nagar,published,PUBLISHED,Nampally,south,true,true,true,https://turbofix.in/locations/murad-nagar,true,,Live page — verified and indexable.,NAMPALLY | MEHDIPATNAM / SOUTH-CENTRAL,
Musheerabad,musheerabad,Musheerabad,musheerabad,published,PUBLISHED,Secunderabad,north,true,true,true,https://turbofix.in/locations/musheerabad,true,,Live page — verified and indexable.,SECUNDERABAD / NORTH | ADDITIONAL LOCALITIES,
Nacharam,nacharam,Nacharam,nacharam,published,PUBLISHED,Uppal,north,true,true,true,https://turbofix.in/locations/nacharam,true,,Live page — verified and indexable.,TARNAKA | HABSIGUDA | NACHARAM | MALLAPUR,
Nagaram,nagaram,Nagaram,nagaram,published,PUBLISHED,Kapra,outskirts,true,true,true,https://turbofix.in/locations/nagaram,true,,Live page — verified and indexable.,KAPRA | AIRPORT / SOUTH / IBRAHIMPATNAM | EAST / NORTH-EAST / KEESARA | EAST / NORTH-EAST / DAMMAIGUDA | EAST / NORTH-EAST / NAGARAM | EAST / NORTH-EAST / RAMPALLY,
Nagole,nagole,Nagole,nagole,published,PUBLISHED,Uppal,east,true,true,true,https://turbofix.in/locations/nagole,true,,Live page — verified and indexable.,UPPAL | RAMANTHAPUR | BODUPPAL | LB NAGAR / EAST / SOUTH-EAST | KOTHAPET | NAGOLE | MANSOORABAD | BN REDDY NAGAR,
Nallagandla,nallagandla,Nallagandla,nallagandla,published,PUBLISHED,Lingampally,west,true,true,true,https://turbofix.in/locations/nallagandla,true,,Live page — verified and indexable.,GACHIBOWLI | TELLAPUR | OSMAN NAGAR | LINGAMPALLY | KOLLUR | ADDITIONAL LOCALITIES,
Nallakunta,nallakunta,Nallakunta,nallakunta,published,PUBLISHED,Vidyanagar,central,true,true,true,https://turbofix.in/locations/nallakunta,true,,Live page — verified and indexable.,CENTRAL HYDERABAD,
Namalagundu,namalagundu,Namalagundu,namalagundu,published,PUBLISHED,Padmarao Nagar,north,true,true,true,https://turbofix.in/locations/namalagundu,true,,Live page — verified and indexable.,SECUNDERABAD / NORTH,
Nampally,nampally,Nampally,nampally,published,PUBLISHED,Abids,central,true,true,true,https://turbofix.in/locations/nampally,true,,Live page — verified and indexable.,NAMPALLY,
Nanakramguda,nanakramguda,Nanakramguda,nanakramguda,published,PUBLISHED,Gachibowli,west,true,true,true,https://turbofix.in/locations/nanakramguda,true,,Live page — verified and indexable.,GACHIBOWLI | FINANCIAL DISTRICT | NANAKRAMGUDA,
Nanal Nagar,nanalnagar,Nanal Nagar,nanal-nagar,published,PUBLISHED,Tolichowki,south,true,true,true,https://turbofix.in/locations/nanal-nagar,true,,Live page — verified and indexable.,TOLICHOWKI | SHAIKPET,
Narayanguda,narayanguda,Narayanguda,narayanguda,published,PUBLISHED,Koti,central,true,true,true,https://turbofix.in/locations/narayanguda,true,,Live page — verified and indexable.,HIMAYATNAGAR / BASHEERBAGH,
Narsingi,narsingi,Narsingi,narsingi,published,PUBLISHED,Puppalaguda,west,true,true,true,https://turbofix.in/locations/narsingi,true,,Live page — verified and indexable.,FINANCIAL DISTRICT | NARSINGI,
Naveen Nagar,naveennagar,Naveen Nagar,naveen-nagar,published,PUBLISHED,Khairatabad,central,true,true,true,https://turbofix.in/locations/naveen-nagar,true,,Live page — verified and indexable.,KHAIRATABAD,
Nawab Saheb Kunta,nawabsahebkunta,Nawab Saheb Kunta,nawab-saheb-kunta,published,PUBLISHED,Falaknuma,south,true,true,true,https://turbofix.in/locations/nawab-saheb-kunta,true,,Live page — verified and indexable.,OLD CITY / FALAKNUMA,
Nayapul,nayapul,Nayapul,nayapul,published,PUBLISHED,Charminar,south,true,true,true,https://turbofix.in/locations/nayapul,true,,Live page — verified and indexable.,CENTRAL HYDERABAD,
Neknampur,neknampur,Neknampur,neknampur,published,PUBLISHED,Manikonda,west,true,true,true,https://turbofix.in/locations/neknampur,true,,Live page — verified and indexable.,MANIKONDA | PUPPALAGUDA | NARSINGI | ADDITIONAL LOCALITIES,
Neredmet,neredmet,Neredmet,neredmet,published,PUBLISHED,Malkajgiri,north,true,true,true,https://turbofix.in/locations/neredmet,true,,Live page — verified and indexable.,MALKAJGIRI | SAINIKPURI | AS RAO NAGAR | MOULA ALI,
Nizampet,nizampet,Nizampet,nizampet,published,PUBLISHED,Kukatpally,west,true,true,true,https://turbofix.in/locations/nizampet,true,,Live page — verified and indexable.,NIZAMPET | BACHUPALLY | PRAGATHI NAGAR,
Osman Nagar,osmannagar,Osman Nagar,osman-nagar,published,PUBLISHED,Tolichowki,west,true,true,true,https://turbofix.in/locations/osman-nagar,true,,Live page — verified and indexable.,NANAKRAMGUDA | NARSINGI | KOKAPET | TELLAPUR | OSMAN NAGAR | KOLLUR,
OU Colony,oucolony,OU Colony,ou-colony,published,PUBLISHED,Manikonda,west,true,true,true,https://turbofix.in/locations/ou-colony,true,,Live page — verified and indexable.,MANIKONDA | TOLICHOWKI | SHAIKPET,
Padmarao Nagar,padmaraonagar,Padmarao Nagar,padmarao-nagar,published,PUBLISHED,Musheerabad,north,true,true,true,https://turbofix.in/locations/padmarao-nagar,true,,Live page — verified and indexable.,SECUNDERABAD / NORTH,
Paramount Hills,paramounthills,Paramount Hills,paramount-hills,published,PUBLISHED,Tolichowki,south,true,true,true,https://turbofix.in/locations/paramount-hills,true,,Live page — verified and indexable.,TOLICHOWKI,
Parsigutta,parsigutta,Parsigutta,parsigutta,published,PUBLISHED,Warsiguda,north,true,true,true,https://turbofix.in/locations/parsigutta,true,,Live page — verified and indexable.,SECUNDERABAD / NORTH,
Pashamylaram,pashamylaram,Pashamylaram,pashamylaram,published,PUBLISHED,Patancheru,west,true,true,true,https://turbofix.in/locations/pashamylaram,true,,Live page — verified and indexable.,PATANCHERU,
Pasumamula,pasumamula,Pasumamula,pasumamula,published,PUBLISHED,Hayathnagar,outskirts,true,true,true,https://turbofix.in/locations/pasumamula,true,,Live page — verified and indexable.,HAYATHNAGAR,
Patancheru,patancheru,Patancheru,patancheru,published,PUBLISHED,Lingampally,west,true,true,true,https://turbofix.in/locations/patancheru,true,,Live page — verified and indexable.,PATANCHERU,
Pathergatti,pathergatti,Pathergatti,pathergatti,published,PUBLISHED,Charminar,south,true,true,true,https://turbofix.in/locations/pathergatti,true,,Live page — verified and indexable.,OLD CITY / CHARMINAR,
Patny,patny,Patny,patny,published,PUBLISHED,Secunderabad,north,true,true,true,https://turbofix.in/locations/patny,true,,Live page — verified and indexable.,BEGUMPET | SECUNDERABAD / NORTH,
Patrika Nagar,patrikanagar,Patrika Nagar,patrika-nagar,published,PUBLISHED,Madhapur,west,true,true,true,https://turbofix.in/locations/patrika-nagar,true,,Live page — verified and indexable.,WEST HYDERABAD / IT CORRIDOR | MADHAPUR,
Pedda Amberpet,peddaamberpet,Pedda Amberpet,pedda-amberpet,published,PUBLISHED,Hayathnagar,outskirts,true,true,true,https://turbofix.in/locations/pedda-amberpet,true,,Live page — verified and indexable.,HAYATHNAGAR,
Peerzadiguda,peerzadiguda,Peerzadiguda,peerzadiguda,published,PUBLISHED,Boduppal,east,true,true,true,https://turbofix.in/locations/peerzadiguda,true,,Live page — verified and indexable.,UPPAL | BODUPPAL | PEERZADIGUDA | EAST / NORTH-EAST / POCHARAM,
Petbasheerabad,petbasheerabad,Petbasheerabad,pet-basheerabad,published,ALIAS,,north,true,false,false,,false,Pet Basheerabad,"Same real locality as the published ""Pet Basheerabad"" page (supplied under a different name/spelling) — not a separate page, avoids duplicate content.",KOMPALLY | SUCHITRA | ADDITIONAL LOCALITIES,
Pocharam,pocharam,Pocharam,pocharam,published,PUBLISHED,Ghatkesar,east,true,true,true,https://turbofix.in/locations/pocharam,true,,Live page — verified and indexable.,PEERZADIGUDA | EAST / NORTH-EAST / GHATKESAR | EAST / NORTH-EAST / POCHARAM,
Pragathi Nagar,pragathinagar,Pragathi Nagar,pragathi-nagar,published,PUBLISHED,Nizampet,west,true,true,true,https://turbofix.in/locations/pragathi-nagar,true,,Live page — verified and indexable.,KUKATPALLY / NORTHWEST | NIZAMPET | BACHUPALLY | PRAGATHI NAGAR,
Prakash Nagar,prakashnagar,Prakash Nagar,prakash-nagar,published,PUBLISHED,Begumpet,central,true,true,true,https://turbofix.in/locations/prakash-nagar,true,,Live page — verified and indexable.,BEGUMPET,
Prem Nagar,premnagar,Prem Nagar,prem-nagar,published,PUBLISHED,Erragadda,central,true,true,true,https://turbofix.in/locations/prem-nagar,true,,Live page — verified and indexable.,ERRAGADDA,
Punjagutta,punjagutta,Punjagutta,panjagutta,published,ALIAS,,central,true,false,false,,false,Panjagutta,"Same real locality as the published ""Panjagutta"" page (supplied under a different name/spelling) — not a separate page, avoids duplicate content.",KHAIRATABAD | PUNJAGUTTA | SOMAJIGUDA | AMEERPET,
Puppalaguda,puppalaguda,Puppalaguda,puppalaguda,published,PUBLISHED,Narsingi,west,true,true,true,https://turbofix.in/locations/puppalaguda,true,,Live page — verified and indexable.,NANAKRAMGUDA | MANIKONDA | PUPPALAGUDA | NARSINGI,
Puranapul,puranapul,Puranapul,puranapul,published,PUBLISHED,Bahadurpura,south,true,true,true,https://turbofix.in/locations/puranapul,true,,Live page — verified and indexable.,OLD CITY / BAHADURPURA,
Putlibowli,putlibowli,Putlibowli,putlibowli,published,PUBLISHED,Abids,central,true,true,true,https://turbofix.in/locations/putlibowli,true,,Live page — verified and indexable.,CENTRAL HYDERABAD,
Raghavendra Colony,raghavendracolony,Raghavendra Colony,raghavendra-colony,published,PUBLISHED,Kondapur,west,true,true,true,https://turbofix.in/locations/raghavendra-colony,true,,Live page — verified and indexable.,KONDAPUR,
Raidurg,raidurg,Raidurg,raidurg,published,PUBLISHED,Nanakramguda,west,true,true,true,https://turbofix.in/locations/raidurg,true,,Live page — verified and indexable.,WEST HYDERABAD / IT CORRIDOR | RAIDURG,
Raja Rajeshwari Nagar,rajarajeshwarinagar,Raja Rajeshwari Nagar,raja-rajeshwari-colony,published,ALIAS,,west,true,false,false,,false,Raja Rajeshwari Colony,"Same real locality as the published ""Raja Rajeshwari Colony"" page (supplied under a different name/spelling) — not a separate page, avoids duplicate content. Multiple spellings seen in the supplied list: Raja Rajeshwari Nagar / Raja Rajeshwari Colony.",MADHAPUR | KONDAPUR,Spelling variants: Raja Rajeshwari Nagar / Raja Rajeshwari Colony
Rajendranagar,rajendranagar,Rajendranagar,rajendranagar,published,PUBLISHED,Attapur,south,true,true,true,https://turbofix.in/locations/rajendranagar,true,,Live page — verified and indexable.,RAJENDRANAGAR,
Ramachandrapuram,ramachandrapuram,Ramachandrapuram,rc-puram,published,ALIAS,,west,true,false,false,,false,RC Puram,"Same real locality as the published ""RC Puram"" page (supplied under a different name/spelling) — not a separate page, avoids duplicate content. Multiple spellings seen in the supplied list: Ramachandrapuram / RC Puram / BHEL Township.",PATANCHERU | BEERAMGUDA | RC PURAM,Spelling variants: Ramachandrapuram / RC Puram / BHEL Township
Ramanthapur,ramanthapur,Ramanthapur,ramanthapur,published,PUBLISHED,Amberpet,north,true,true,true,https://turbofix.in/locations/ramanthapur,true,,Live page — verified and indexable.,HABSIGUDA | UPPAL | RAMANTHAPUR,
Ramkoti,ramkoti,Ramkoti,ramkoti,published,PUBLISHED,King Koti,central,true,true,true,https://turbofix.in/locations/ramkoti,true,,Live page — verified and indexable.,CENTRAL HYDERABAD,
Ramnagar,ramnagar,Ramnagar,ramnagar,published,PUBLISHED,Musheerabad,north,true,true,true,https://turbofix.in/locations/ramnagar,true,,Live page — verified and indexable.,ADDITIONAL LOCALITIES,
Rampally,rampally,Rampally,rampally,published,PUBLISHED,Ghatkesar,outskirts,true,true,true,https://turbofix.in/locations/rampally,true,,Live page — verified and indexable.,EAST / NORTH-EAST / KEESARA | EAST / NORTH-EAST / DAMMAIGUDA | EAST / NORTH-EAST / NAGARAM | EAST / NORTH-EAST / RAMPALLY,
Rani Gunj,ranigunj,Rani Gunj,rani-gunj,published,PUBLISHED,Secunderabad,north,true,true,true,https://turbofix.in/locations/rani-gunj,true,,Live page — verified and indexable. Multiple spellings seen in the supplied list: Rani Gunj / Ranigunj.,SECUNDERABAD / NORTH,Spelling variants: Rani Gunj / Ranigunj
Rasoolpura,rasoolpura,Rasoolpura,rasoolpura,published,PUBLISHED,Begumpet,north,true,true,true,https://turbofix.in/locations/rasoolpura,true,,Live page — verified and indexable.,BEGUMPET | SECUNDERABAD / NORTH | ADDITIONAL LOCALITIES,
Raviryal,raviryal,Raviryal,raviryal,published,PUBLISHED,Adibatla,outskirts,true,true,true,https://turbofix.in/locations/raviryal,true,,Live page — verified and indexable.,AIRPORT / SOUTH / ADIBATLA | AIRPORT / SOUTH / KONGARA KALAN | AIRPORT / SOUTH / TUKKUGUDA | AIRPORT / SOUTH / MAHESHWARAM,
Red Hills,redhills,Red Hills,red-hills,published,PUBLISHED,Lakdikapul,central,true,true,true,https://turbofix.in/locations/red-hills,true,,Live page — verified and indexable.,NAMPALLY | LAKDICAPUL / SAIFABAD,
Rein Bazaar,reinbazaar,Rein Bazaar,rein-bazaar,published,PUBLISHED,Yakutpura,south,true,true,true,https://turbofix.in/locations/rein-bazaar,true,,Live page — verified and indexable.,OLD CITY / DABEERPURA | OLD CITY / YAKUTPURA | OLD CITY / SANTOSHNAGAR | OLD CITY / REIN BAZAAR | OLD CITY / MADANNAPET,
Riyasat Nagar,riyasatnagar,Riyasat Nagar,riyasat-nagar,published,PUBLISHED,Chandrayangutta,south,true,true,true,https://turbofix.in/locations/riyasat-nagar,true,,Live page — verified and indexable.,OLD CITY / CHANDRAYANGUTTA | OLD CITY / BARKAS,
Safilguda,safilguda,Safilguda,safilguda,published,PUBLISHED,Malkajgiri,north,true,true,true,https://turbofix.in/locations/safilguda,true,,Live page — verified and indexable.,MALKAJGIRI | MOULA ALI,
Saidabad,saidabad,Saidabad,saidabad,published,PUBLISHED,Santoshnagar,south,true,true,true,https://turbofix.in/locations/saidabad,true,,Live page — verified and indexable.,OLD CITY / SANTOSHNAGAR | OLD CITY / SAIDABAD | OLD CITY / CHANCHALGUDA | OLD CITY / MADANNAPET,
Saifabad,saifabad,Saifabad,saifabad,published,PUBLISHED,Khairatabad,central,true,true,true,https://turbofix.in/locations/saifabad,true,,Live page — verified and indexable.,LAKDICAPUL / SAIFABAD | KHAIRATABAD,
Sainikpuri,sainikpuri,Sainikpuri,sainikpuri,published,PUBLISHED,Tarnaka,north,true,true,true,https://turbofix.in/locations/sainikpuri,true,,Live page — verified and indexable.,MALKAJGIRI | SAINIKPURI | ECIL | AS RAO NAGAR | EAST / NORTH-EAST / DAMMAIGUDA,
Sanath Nagar,sanathnagar,Sanath Nagar,sanath-nagar,published,PUBLISHED,Erragadda,central,true,true,true,https://turbofix.in/locations/sanath-nagar,true,,Live page — verified and indexable.,SANATH NAGAR | ERRAGADDA,
Sanjeeva Reddy Nagar,sanjeevareddynagar,Sanjeeva Reddy Nagar,sr-nagar,published,ALIAS,,central,true,false,false,,false,SR Nagar,"Same real locality as the published ""SR Nagar"" page (supplied under a different name/spelling) — not a separate page, avoids duplicate content. Multiple spellings seen in the supplied list: Sanjeeva Reddy Nagar / SR Nagar.",SOMAJIGUDA | AMEERPET | SR NAGAR,Spelling variants: Sanjeeva Reddy Nagar / SR Nagar
Santosh Nagar,santoshnagar,Santosh Nagar,santoshnagar,published,ALIAS,,south,true,false,false,,false,Santoshnagar,"Same real locality as the published ""Santoshnagar"" page (supplied under a different name/spelling) — not a separate page, avoids duplicate content.",OLD CITY / KANCHANBAGH | OLD CITY / SANTOSHNAGAR | OLD CITY / SAIDABAD | OLD CITY / MADANNAPET,
Saroornagar,saroornagar,Saroornagar,saroor-nagar,published,ALIAS,,east,true,false,false,,false,Saroor Nagar,"Same real locality as the published ""Saroor Nagar"" page (supplied under a different name/spelling) — not a separate page, avoids duplicate content.",LB NAGAR / EAST / SOUTH-EAST | KOTHAPET | DILSUKHNAGAR | SAROORNAGAR | MANSOORABAD,
Secunderabad,secunderabad,Secunderabad,secunderabad,published,PUBLISHED,Trimulgherry,north,true,true,true,https://turbofix.in/locations/secunderabad,true,,Live page — verified and indexable.,SECUNDERABAD / NORTH,
Seetaram Bagh,seetarambagh,Seetaram Bagh,seetaram-bagh,published,PUBLISHED,Mangalhat,central,true,true,true,https://turbofix.in/locations/seetaram-bagh,true,,Live page — verified and indexable.,NAMPALLY,
Shahalibanda,shahalibanda,Shahalibanda,shahalibanda,published,PUBLISHED,Charminar,south,true,true,true,https://turbofix.in/locations/shahalibanda,true,,Live page — verified and indexable.,OLD CITY / CHARMINAR | OLD CITY / SHAHALIBANDA | OLD CITY / MOGHALPURA | OLD CITY / HUSSAINI ALAM,
Shaikpet,shaikpet,Shaikpet,shaikpet,published,PUBLISHED,Jubilee Hills,south,true,true,true,https://turbofix.in/locations/shaikpet,true,,Live page — verified and indexable.,JUBILEE HILLS | MANIKONDA | TOLICHOWKI | SHAIKPET | LANGER HOUZ,
Shamirpet,shamirpet,Shamirpet,shamirpet,published,PUBLISHED,Medchal,outskirts,true,true,true,https://turbofix.in/locations/shamirpet,true,,Live page — verified and indexable.,EAST / NORTH-EAST / JAWAHAR NAGAR | EAST / NORTH-EAST / SHAMIRPET,
Shamshabad,shamshabad,Shamshabad,shamshabad,published,PUBLISHED,Rajendranagar,south,true,true,true,https://turbofix.in/locations/shamshabad,true,,Live page — verified and indexable.,AIRPORT / SOUTH / SHAMSHABAD,
Shivrampally,shivrampally,Shivrampally,shivrampally,published,PUBLISHED,Attapur,south,true,true,true,https://turbofix.in/locations/shivrampally,true,,Live page — verified and indexable.,ATTAPUR | RAJENDRANAGAR,
Sikh Village,sikhvillage,Sikh Village,sikh-village,published,PUBLISHED,Tadbund,north,true,true,true,https://turbofix.in/locations/sikh-village,true,,Live page — verified and indexable.,SECUNDERABAD / NORTH | BOWENPALLY | TRIMULGHERRY,
Sindhi Colony,sindhicolony,Sindhi Colony,sindhi-colony,published,PUBLISHED,Begumpet,central,true,true,true,https://turbofix.in/locations/sindhi-colony,true,,Live page — verified and indexable.,BEGUMPET | SECUNDERABAD / NORTH,
Sitaphalmandi,sitaphalmandi,Sitaphalmandi,sitaphalmandi,published,PUBLISHED,Secunderabad,north,true,true,true,https://turbofix.in/locations/sitaphalmandi,true,,Live page — verified and indexable.,SECUNDERABAD / NORTH | TARNAKA,
Snehapuri Colony,snehapuricolony,Snehapuri Colony,snehapuri-colony,published,PUBLISHED,Kothapet,east,true,true,true,https://turbofix.in/locations/snehapuri-colony,true,,Live page — verified and indexable.,NAGOLE,
Somajiguda,somajiguda,Somajiguda,somajiguda,published,PUBLISHED,Panjagutta,central,true,true,true,https://turbofix.in/locations/somajiguda,true,,Live page — verified and indexable.,KHAIRATABAD | PUNJAGUTTA | SOMAJIGUDA | BEGUMPET,
Srinagar Colony,srinagarcolony,Srinagar Colony,srinagar-colony,published,PUBLISHED,Yousufguda,central,true,true,true,https://turbofix.in/locations/srinagar-colony,true,,Live page — verified and indexable.,PUNJAGUTTA | AMEERPET,
Suchitra,suchitra,Suchitra,suchitra,published,PUBLISHED,Kompally,north,true,true,true,https://turbofix.in/locations/suchitra,true,,Live page — verified and indexable.,KOMPALLY | SUCHITRA | ADDITIONAL LOCALITIES,
Suleman Nagar,sulemannagar,Suleman Nagar,suleman-nagar,published,PUBLISHED,Attapur,south,true,true,true,https://turbofix.in/locations/suleman-nagar,true,,Live page — verified and indexable.,ATTAPUR | RAJENDRANAGAR,
Sultan Bazaar,sultanbazaar,Sultan Bazaar,sultan-bazaar,published,PUBLISHED,Abids,central,true,true,true,https://turbofix.in/locations/sultan-bazaar,true,,Live page — verified and indexable.,CENTRAL HYDERABAD,
Suraram,suraram,Suraram,suraram,published,PUBLISHED,Jeedimetla,west,true,true,true,https://turbofix.in/locations/suraram,true,,Live page — verified and indexable.,BACHUPALLY | ADDITIONAL LOCALITIES,
Tadbund,tadbund,Tadbund,tadbund,published,PUBLISHED,Bowenpally,north,true,true,true,https://turbofix.in/locations/tadbund,true,,Live page — verified and indexable.,SECUNDERABAD / NORTH | BOWENPALLY,
Talabchanchalam,talabchanchalam,Talabchanchalam,talabchanchalam,published,PUBLISHED,Yakutpura,south,true,true,true,https://turbofix.in/locations/talabchanchalam,true,,Live page — verified and indexable.,OLD CITY / SANTOSHNAGAR,
Tarnaka,tarnaka,Tarnaka,tarnaka,published,PUBLISHED,Malkajgiri,north,true,true,true,https://turbofix.in/locations/tarnaka,true,,Live page — verified and indexable.,TARNAKA | HABSIGUDA | NACHARAM,
Tellapur,tellapur,Tellapur,tellapur,published,PUBLISHED,Kokapet,west,true,true,true,https://turbofix.in/locations/tellapur,true,,Live page — verified and indexable.,TELLAPUR | OSMAN NAGAR | LINGAMPALLY | KOLLUR,
Tolichowki,tolichowki,Tolichowki,tolichowki,published,PUBLISHED,Mehdipatnam,south,true,true,true,https://turbofix.in/locations/tolichowki,true,,Live page — verified and indexable.,TOLICHOWKI | LANGER HOUZ,
Trimulgherry,trimulgherry,Trimulgherry,trimulgherry,published,PUBLISHED,Secunderabad,north,true,true,true,https://turbofix.in/locations/trimulgherry,true,,Live page — verified and indexable.,BOWENPALLY | TRIMULGHERRY,
Troop Bazaar,troopbazaar,Troop Bazaar,troop-bazaar,published,PUBLISHED,Abids,central,true,true,true,https://turbofix.in/locations/troop-bazaar,true,,Live page — verified and indexable.,CENTRAL HYDERABAD,
Tukkuguda,tukkuguda,Tukkuguda,tukkuguda,published,PUBLISHED,Shamshabad,outskirts,true,true,true,https://turbofix.in/locations/tukkuguda,true,,Live page — verified and indexable.,AIRPORT / SOUTH / KONGARA KALAN | AIRPORT / SOUTH / TUKKUGUDA | AIRPORT / SOUTH / MAHESHWARAM,
Turkayamjal,turkayamjal,Turkayamjal,turkayamjal,published,PUBLISHED,Adibatla,outskirts,true,true,true,https://turbofix.in/locations/turkayamjal,true,,Live page — verified and indexable.,AIRPORT / SOUTH / ADIBATLA | AIRPORT / SOUTH / TURKAYAMJAL | AIRPORT / SOUTH / IBRAHIMPATNAM,
Uppal,uppal,Uppal,uppal,published,PUBLISHED,Nacharam,north,true,true,true,https://turbofix.in/locations/uppal,true,,Live page — verified and indexable.,HABSIGUDA | UPPAL | RAMANTHAPUR | NACHARAM | MALLAPUR | BODUPPAL | PEERZADIGUDA | NAGOLE,
Upparpally,upparpally,Upparpally,upparpally,published,PUBLISHED,Attapur,south,true,true,true,https://turbofix.in/locations/upparpally,true,,Live page — verified and indexable.,ATTAPUR,
Uppuguda,uppuguda,Uppuguda,uppuguda,published,PUBLISHED,Yakutpura,south,true,true,true,https://turbofix.in/locations/uppuguda,true,,Live page — verified and indexable.,OLD CITY / CHANDRAYANGUTTA,
Vanasthalipuram,vanasthalipuram,Vanasthalipuram,vanasthalipuram,published,PUBLISHED,LB Nagar,east,true,true,true,https://turbofix.in/locations/vanasthalipuram,true,,Live page — verified and indexable.,VANASTHALIPURAM | HASTHINAPURAM | BN REDDY NAGAR | HAYATHNAGAR | CHINTALKUNTA,
Vengal Rao Nagar,vengalraonagar,Vengal Rao Nagar,vengal-rao-nagar,published,PUBLISHED,Ameerpet,central,true,true,true,https://turbofix.in/locations/vengal-rao-nagar,true,,Live page — verified and indexable.,AMEERPET | SR NAGAR | YOUSUFGUDA,
Venkatapuram,venkatapuram,Venkatapuram,venkatapuram,published,PUBLISHED,Alwal,north,true,true,true,https://turbofix.in/locations/venkatapuram,true,,Live page — verified and indexable.,ALWAL,
Venkataramana Colony,venkataramanacolony,Venkataramana Colony,venkataramana-colony,published,PUBLISHED,Khairatabad,central,true,true,true,https://turbofix.in/locations/venkataramana-colony,true,,Live page — verified and indexable.,KHAIRATABAD,
Vidyanagar,vidyanagar,Vidyanagar,vidyanagar,published,PUBLISHED,Adikmet,central,true,true,true,https://turbofix.in/locations/vidyanagar,true,,Live page — verified and indexable.,ADDITIONAL LOCALITIES,
Vijayanagar Colony,vijayanagarcolony,Vijayanagar Colony,vijayanagar-colony,published,PUBLISHED,Mallepally,central,true,true,true,https://turbofix.in/locations/vijayanagar-colony,true,,Live page — verified and indexable.,NAMPALLY | MEHDIPATNAM / SOUTH-CENTRAL,
Vinayak Nagar,vinayaknagar,Vinayak Nagar,vinayak-nagar,published,PUBLISHED,Malkajgiri,north,true,true,true,https://turbofix.in/locations/vinayak-nagar,true,,Live page — verified and indexable.,MALKAJGIRI,
Vittal Rao Nagar,vittalraonagar,Vittal Rao Nagar,vittal-rao-nagar,published,PUBLISHED,Madhapur,west,true,true,true,https://turbofix.in/locations/vittal-rao-nagar,true,,Live page — verified and indexable.,WEST HYDERABAD / IT CORRIDOR | MADHAPUR,
Vittalwadi,vittalwadi,Vittalwadi,vittalwadi,published,PUBLISHED,Narayanguda,central,true,true,true,https://turbofix.in/locations/vittalwadi,true,,Live page — verified and indexable.,HIMAYATNAGAR / BASHEERBAGH,
Vivekananda Nagar,vivekanandanagar,Vivekananda Nagar,vivekananda-nagar,published,PUBLISHED,Kukatpally,west,true,true,true,https://turbofix.in/locations/vivekananda-nagar,true,,Live page — verified and indexable.,KUKATPALLY / NORTHWEST,
Warsiguda,warsiguda,Warsiguda,warsiguda,published,PUBLISHED,Musheerabad,north,true,true,true,https://turbofix.in/locations/warsiguda,true,,Live page — verified and indexable.,SECUNDERABAD / NORTH,
Yakutpura,yakutpura,Yakutpura,yakutpura,published,PUBLISHED,Charminar,south,true,true,true,https://turbofix.in/locations/yakutpura,true,,Live page — verified and indexable.,OLD CITY / CHARMINAR | OLD CITY / MOGHALPURA | OLD CITY / HUSSAINI ALAM | OLD CITY / DABEERPURA | OLD CITY / YAKUTPURA | OLD CITY / REIN BAZAAR | OLD CITY / CHANCHALGUDA,
Yapral,yapral,Yapral,yapral,published,PUBLISHED,Alwal,north,true,true,true,https://turbofix.in/locations/yapral,true,,Live page — verified and indexable.,SECUNDERABAD / NORTH | ALWAL | SAINIKPURI | EAST / NORTH-EAST / DAMMAIGUDA | EAST / NORTH-EAST / JAWAHAR NAGAR | EAST / NORTH-EAST / SHAMIRPET,
Yellareddyguda,yellareddyguda,Yellareddyguda,yellareddyguda,published,PUBLISHED,Panjagutta,central,true,true,true,https://turbofix.in/locations/yellareddyguda,true,,Live page — verified and indexable.,PUNJAGUTTA | AMEERPET,
Yousufguda,yousufguda,Yousufguda,yousufguda,published,PUBLISHED,Banjara Hills,central,true,true,true,https://turbofix.in/locations/yousufguda,true,,Live page — verified and indexable.,JUBILEE HILLS | AMEERPET | SR NAGAR | YOUSUFGUDA,
Zamistanpur,zamistanpur,Zamistanpur,zamistanpur,published,PUBLISHED,Musheerabad,north,true,true,true,https://turbofix.in/locations/zamistanpur,true,,Live page — verified and indexable.,ADDITIONAL LOCALITIES,
Abdullapurmet,abdullapurmet,Abdullapurmet,abdullapurmet,draft,NEEDS VERIFICATION,Turkayamjal,outskirts,false,false,false,,false,,"Not yet independently verified. Grouped with ""Turkayamjal"" in the supplied list — candidate for a future standalone page pending research (pincode, real landmarks).",AIRPORT / SOUTH / TURKAYAMJAL,
Abids Circle,abidscircle,Abids Circle,abids-circle,draft,SUB-UNIT,Abids,central,false,false,false,,false,,"This names a road, junction, or transit stop, not a residential locality with its own identity. Likely within/near ""Abids"". Not a standalone-page candidate.",CENTRAL HYDERABAD,
Aerospace SEZ,aerospacesez,Aerospace SEZ,aerospace-sez,draft,SUB-UNIT,Adibatla,outskirts,false,false,false,,false,,"This names a landmark, IT park, campus, or commercial complex, not a residential locality. Likely within/near ""Adibatla"". Not a standalone-page candidate.",AIRPORT / SOUTH / ADIBATLA,
Airport Road,airportroad,Airport Road,airport-road,draft,SUB-UNIT,Begumpet,central,false,false,false,,false,,"This names a road, junction, or transit stop, not a residential locality with its own identity. Likely within/near ""Begumpet"". Not a standalone-page candidate.",BEGUMPET | AIRPORT / SOUTH / SHAMSHABAD | AIRPORT / SOUTH / TUKKUGUDA,
Akbarbagh,akbarbagh,Akbarbagh,akbarbagh,draft,NEEDS VERIFICATION,Malakpet,south,false,false,false,,false,,"Not yet independently verified. Grouped with ""Malakpet"" in the supplied list — candidate for a future standalone page pending research (pincode, real landmarks).",OLD CITY / MALAKPET,
Alkapur Township,alkapurtownship,Alkapur Township,alkapur-township,draft,SUB-UNIT,Manikonda,west,false,false,false,,false,,"Confirmed to be a named sub-colony/enclave inside ""Manikonda"", not a distinct standalone locality. Covered under the parent page.",MANIKONDA | PUPPALAGUDA,
Alkapuri,alkapuri,Alkapuri,alkapuri,draft,NEEDS VERIFICATION,Nagole,east,false,false,false,,false,,"Not yet independently verified. Grouped with ""Nagole"" in the supplied list — candidate for a future standalone page pending research (pincode, real landmarks).",NAGOLE | MANSOORABAD,
Almasguda,almasguda,Almasguda,almasguda,draft,NEEDS VERIFICATION,Meerpet,south,false,false,false,,false,,"Not yet independently verified. Grouped with ""Meerpet"" in the supplied list — candidate for a future standalone page pending research (pincode, real landmarks).",MEERPET | JILLELAGUDA,
Ameerpet X Road,ameerpetxroad,Ameerpet X Road,ameerpet-x-road,draft,SUB-UNIT,Ameerpet,central,false,false,false,,false,,"This names a road, junction, or transit stop, not a residential locality with its own identity. Likely within/near ""Ameerpet"". Not a standalone-page candidate.",AMEERPET,
Anand Banjara,anandbanjara,Anand Banjara,anand-banjara,draft,SUB-UNIT,Banjara Hills,central,false,false,false,,false,,"Confirmed to be a named sub-colony/enclave inside ""Banjara Hills"", not a distinct standalone locality. Covered under the parent page.",KHAIRATABAD,
Anand Banjara Colony,anandbanjaracolony,Anand Banjara Colony,anand-banjara-colony,draft,SUB-UNIT,Banjara Hills,central,false,false,false,,false,,"Confirmed to be a named sub-colony/enclave inside ""Banjara Hills"", not a distinct standalone locality. Covered under the parent page.",BANJARA HILLS,
Anand Nagar,anandnagar,Anand Nagar,anand-nagar,draft,NEEDS VERIFICATION,Lakdikapul,central,false,false,false,,false,,"Not yet independently verified. Grouped with ""Lakdikapul"" in the supplied list — candidate for a future standalone page pending research (pincode, real landmarks).",LAKDICAPUL / SAIFABAD | KHAIRATABAD | SOMAJIGUDA,
Ankireddypally,ankireddypally,Ankireddypally,ankireddypally,draft,NEEDS VERIFICATION,Keesara,outskirts,false,false,false,,false,,"Not yet independently verified. Grouped with ""Keesara"" in the supplied list — candidate for a future standalone page pending research (pincode, real landmarks).",EAST / NORTH-EAST / KEESARA,
Ankushapur,ankushapur,Ankushapur,ankushapur,draft,NEEDS VERIFICATION,Ghatkesar,east,false,false,false,,false,,"Not yet independently verified. Grouped with ""Ghatkesar"" in the supplied list — candidate for a future standalone page pending research (pincode, real landmarks).",EAST / NORTH-EAST / GHATKESAR,
Athvelly,athvelly,Athvelly,athvelly,draft,NEEDS VERIFICATION,Medchal,north,false,false,false,,false,,"Not yet independently verified. Grouped with ""Medchal"" in the supplied list — candidate for a future standalone page pending research (pincode, real landmarks).",MEDCHAL,
Auto Nagar,autonagar,Auto Nagar,auto-nagar,draft,SUB-UNIT,Vanasthalipuram,east,false,false,false,,false,,"Confirmed to be a named sub-colony/enclave inside ""Vanasthalipuram"", not a distinct standalone locality. Covered under the parent page.",VANASTHALIPURAM,
Bachupally Road,bachupallyroad,Bachupally Road,bachupally-road,draft,SUB-UNIT,Miyapur,west,false,false,false,,false,,"This names a road, junction, or transit stop, not a residential locality with its own identity. Likely within/near ""Miyapur"". Not a standalone-page candidate.",MIYAPUR,
Bagh Amberpet,baghamberpet,Bagh Amberpet,bagh-amberpet,draft,SUB-UNIT,Amberpet,unknown,false,false,false,,false,,"Confirmed to be a named sub-colony/enclave inside ""Amberpet"", not a distinct standalone locality. Covered under the parent page.",ADDITIONAL LOCALITIES,
Bairamalguda,bairamalguda,Bairamalguda,bairamalguda,draft,NEEDS VERIFICATION,LB Nagar,east,false,false,false,,false,,"Not yet independently verified. Grouped with ""LB Nagar"" in the supplied list — candidate for a future standalone page pending research (pincode, real landmarks).",LB NAGAR / EAST / SOUTH-EAST | HASTHINAPURAM,
Bakaram,bakaram,Bakaram,bakaram,draft,NEEDS VERIFICATION,,unknown,false,false,false,,false,,"Not yet independently verified — insufficient information available to confirm this is a distinct, standalone-worthy locality or assign a parent.",ADDITIONAL LOCALITIES,
Balamrai,balamrai,Balamrai,balamrai,draft,SUB-UNIT,Rasoolpura,north,false,false,false,,false,,"Confirmed to be a named sub-colony/enclave inside ""Rasoolpura"", not a distinct standalone locality. Covered under the parent page.",BOWENPALLY,
Balapur,balapur,Balapur,balapur,draft,NEEDS VERIFICATION,Meerpet,south,false,false,false,,false,,"Not yet independently verified. Grouped with ""Meerpet"" in the supplied list — candidate for a future standalone page pending research (pincode, real landmarks).",MEERPET | JILLELAGUDA | BADANGPET,
Bandlaguda,bandlaguda,Bandlaguda,bandlaguda,draft,NEEDS VERIFICATION,Chandrayangutta,south,false,false,false,,false,,"Not yet independently verified. Grouped with ""Chandrayangutta"" in the supplied list — candidate for a future standalone page pending research (pincode, real landmarks).",OLD CITY / CHANDRAYANGUTTA | OLD CITY / BARKAS | OLD CITY / KANCHANBAGH | NAGOLE,
Banjara Kamal,banjarakamal,Banjara Kamal,banjara-kamal,draft,SUB-UNIT,Banjara Hills,central,false,false,false,,false,,"Confirmed to be a named sub-colony/enclave inside ""Banjara Hills"", not a distinct standalone locality. Covered under the parent page.",BANJARA HILLS,
Banjara Saman,banjarasaman,Banjara Saman,banjara-saman,draft,SUB-UNIT,Banjara Hills,central,false,false,false,,false,,"Confirmed to be a named sub-colony/enclave inside ""Banjara Hills"", not a distinct standalone locality. Covered under the parent page.",BANJARA HILLS,
Bank Street,bankstreet,Bank Street,bank-street,draft,SUB-UNIT,Abids,central,false,false,false,,false,,"This names a road, junction, or transit stop, not a residential locality with its own identity. Likely within/near ""Abids"". Not a standalone-page candidate.",CENTRAL HYDERABAD,
Bazar Ghat,bazarghat,Bazar Ghat,bazar-ghat,draft,SUB-UNIT,Nampally,central,false,false,false,,false,,"This names a landmark, IT park, campus, or commercial complex, not a residential locality. Likely within/near ""Nampally"". Not a standalone-page candidate.",NAMPALLY,
Begumpet Railway Station,begumpetrailwaystation,Begumpet Railway Station,begumpet-railway-station,draft,SUB-UNIT,Begumpet,central,false,false,false,,false,,"This names a road, junction, or transit stop, not a residential locality with its own identity. Likely within/near ""Begumpet"". Not a standalone-page candidate.",BEGUMPET,
BHEL,bhel,BHEL,bhel,draft,NEEDS VERIFICATION,Tellapur,west,false,false,false,,false,,"Not yet independently verified. Grouped with ""Tellapur"" in the supplied list — candidate for a future standalone page pending research (pincode, real landmarks).",TELLAPUR | CHANDANAGAR | LINGAMPALLY | PATANCHERU | BEERAMGUDA | AMEENPUR,
BHEL HIG,bhelhig,BHEL HIG,bhel-hig,draft,SUB-UNIT,RC Puram,west,false,false,false,,false,,"Confirmed to be a named sub-colony/enclave inside ""RC Puram"", not a distinct standalone locality. Covered under the parent page.",RC PURAM,
BHEL MIG,bhelmig,BHEL MIG,bhel-mig,draft,SUB-UNIT,RC Puram,west,false,false,false,,false,,"Confirmed to be a named sub-colony/enclave inside ""RC Puram"", not a distinct standalone locality. Covered under the parent page.",RC PURAM,
Bhola Nagar,bholanagar,Bhola Nagar,bhola-nagar,draft,SUB-UNIT,Banjara Hills,central,false,false,false,,false,,"Confirmed to be a named sub-colony/enclave inside ""Banjara Hills"", not a distinct standalone locality. Covered under the parent page.",BANJARA HILLS,
Biodiversity Road,biodiversityroad,Biodiversity Road,biodiversity-road,draft,SUB-UNIT,Raidurg,west,false,false,false,,false,,"This names a road, junction, or transit stop, not a residential locality with its own identity. Likely within/near ""Raidurg"". Not a standalone-page candidate.",RAIDURG,
Botanical Garden,botanicalgarden,Botanical Garden,botanical-garden,draft,SUB-UNIT,Kondapur,west,false,false,false,,false,,"This names a landmark, IT park, campus, or commercial complex, not a residential locality. Likely within/near ""Kondapur"". Not a standalone-page candidate.",KONDAPUR,
Botanical Garden Road,botanicalgardenroad,Botanical Garden Road,botanical-garden-road,draft,SUB-UNIT,Kondapur,west,false,false,false,,false,,"This names a road, junction, or transit stop, not a residential locality with its own identity. Likely within/near ""Kondapur"". Not a standalone-page candidate.",KONDAPUR,
CBI Colony,cbicolony,CBI Colony,cbi-colony,draft,SUB-UNIT,Banjara Hills,central,false,false,false,,false,,"Confirmed to be a named sub-colony/enclave inside ""Banjara Hills"", not a distinct standalone locality. Covered under the parent page.",BANJARA HILLS | JUBILEE HILLS,
Chakripuram,chakripuram,Chakripuram,chakripuram,draft,NEEDS VERIFICATION,,unknown,false,false,false,,false,,"Not yet independently verified — insufficient information available to confirm this is a distinct, standalone-worthy locality or assign a parent.",ADDITIONAL LOCALITIES,
Chawani,chawani,Chawani,chawani,draft,NEEDS VERIFICATION,Malakpet,south,false,false,false,,false,,"Not yet independently verified. Grouped with ""Malakpet"" in the supplied list — candidate for a future standalone page pending research (pincode, real landmarks).",OLD CITY / MALAKPET | OLD CITY / SAIDABAD,
Chintal Basti,chintalbasti,Chintal Basti,chintal-basti,draft,SUB-UNIT,Nampally,central,false,false,false,,false,,"Confirmed to be a named sub-colony/enclave inside ""Nampally"", not a distinct standalone locality. Covered under the parent page.",NAMPALLY | LAKDICAPUL / SAIFABAD | KHAIRATABAD,
Chirag Ali Lane,chiragalilane,Chirag Ali Lane,chirag-ali-lane,draft,SUB-UNIT,Abids,central,false,false,false,,false,,"This names a road, junction, or transit stop, not a residential locality with its own identity. Likely within/near ""Abids"". Not a standalone-page candidate.",CENTRAL HYDERABAD,
Clock Tower,clocktower,Clock Tower,clock-tower,draft,SUB-UNIT,Secunderabad,north,false,false,false,,false,,"This names a landmark, IT park, campus, or commercial complex, not a residential locality. Likely within/near ""Secunderabad"". Not a standalone-page candidate.",SECUNDERABAD / NORTH,
Cyber Gateway,cybergateway,Cyber Gateway,cyber-gateway,draft,SUB-UNIT,HITEC City,west,false,false,false,,false,,"This names a landmark, IT park, campus, or commercial complex, not a residential locality. Likely within/near ""HITEC City"". Not a standalone-page candidate.",WEST HYDERABAD / IT CORRIDOR,
Cyber Hills,cyberhills,Cyber Hills,cyber-hills,draft,SUB-UNIT,HITEC City,west,false,false,false,,false,,"This names a landmark, IT park, campus, or commercial complex, not a residential locality. Likely within/near ""HITEC City"". Not a standalone-page candidate.",WEST HYDERABAD / IT CORRIDOR | MADHAPUR,
Cyber Towers,cybertowers,Cyber Towers,cyber-towers,draft,SUB-UNIT,HITEC City,west,false,false,false,,false,,"This names a landmark, IT park, campus, or commercial complex, not a residential locality. Likely within/near ""HITEC City"". Not a standalone-page candidate.",WEST HYDERABAD / IT CORRIDOR,
Dabilpur,dabilpur,Dabilpur,dabilpur,draft,NEEDS VERIFICATION,Medchal,north,false,false,false,,false,,"Not yet independently verified. Grouped with ""Medchal"" in the supplied list — candidate for a future standalone page pending research (pincode, real landmarks).",MEDCHAL,
Daira,daira,Daira,daira,draft,NEEDS VERIFICATION,Himayatnagar,central,false,false,false,,false,,"Not yet independently verified. Grouped with ""Himayatnagar"" in the supplied list — candidate for a future standalone page pending research (pincode, real landmarks).",HIMAYATNAGAR / BASHEERBAGH,
DD Colony,ddcolony,DD Colony,dd-colony,draft,NEEDS VERIFICATION,,unknown,false,false,false,,false,,"Not yet independently verified — insufficient information available to confirm this is a distinct, standalone-worthy locality or assign a parent.",ADDITIONAL LOCALITIES,
Defence Colony,defencecolony,Defence Colony,defence-colony,draft,NEEDS VERIFICATION,Malkajgiri,north,false,false,false,,false,,"Not yet independently verified. Grouped with ""Malkajgiri"" in the supplied list — candidate for a future standalone page pending research (pincode, real landmarks).",MALKAJGIRI | SAINIKPURI,
Dharam Karam Road,dharamkaramroad,Dharam Karam Road,dharam-karam-road,draft,SUB-UNIT,Ameerpet,central,false,false,false,,false,,"This names a road, junction, or transit stop, not a residential locality with its own identity. Likely within/near ""Ameerpet"". Not a standalone-page candidate.",AMEERPET,
DLF,dlf,DLF,dlf,draft,SUB-UNIT,Gachibowli,west,false,false,false,,false,,"This names a landmark, IT park, campus, or commercial complex, not a residential locality. Likely within/near ""Gachibowli"". Not a standalone-page candidate.",GACHIBOWLI,
DLF Cyber City,dlfcybercity,DLF Cyber City,dlf-cyber-city,draft,SUB-UNIT,Gachibowli,west,false,false,false,,false,,"This names a landmark, IT park, campus, or commercial complex, not a residential locality. Likely within/near ""Gachibowli"". Not a standalone-page candidate.",GACHIBOWLI,
Doctors Colony,doctorscolony,Doctors Colony,doctors-colony,draft,SUB-UNIT,Saroor Nagar,east,false,false,false,,false,,"Confirmed to be a named sub-colony/enclave inside ""Saroor Nagar"", not a distinct standalone locality. Covered under the parent page.",SAROORNAGAR,
DRDO,drdo,DRDO,drdo,draft,NEEDS VERIFICATION,Kanchanbagh,south,false,false,false,,false,,"Not yet independently verified. Grouped with ""Kanchanbagh"" in the supplied list — candidate for a future standalone page pending research (pincode, real landmarks).",OLD CITY / KANCHANBAGH,
Dulapally,dulapally,Dulapally,dulapally,draft,SUB-UNIT,Kompally,north,false,false,false,,false,,"Confirmed to be a named sub-colony/enclave inside ""Kompally"", not a distinct standalone locality. Covered under the parent page.",KOMPALLY,
Durgam Cheruvu,durgamcheruvu,Durgam Cheruvu,durgam-cheruvu,draft,SUB-UNIT,HITEC City,west,false,false,false,,false,,"This names a landmark, IT park, campus, or commercial complex, not a residential locality. Likely within/near ""HITEC City"". Not a standalone-page candidate.",WEST HYDERABAD / IT CORRIDOR | MADHAPUR | RAIDURG,
East Anandbagh,eastanandbagh,East Anandbagh,east-anandbagh,draft,SUB-UNIT,Anandbagh,north,false,false,false,,false,,"Confirmed to be a named sub-colony/enclave inside ""Anandbagh"", not a distinct standalone locality. Covered under the parent page.",MALKAJGIRI | MOULA ALI,
East Marredpally,eastmarredpally,East Marredpally,east-marredpally,draft,SUB-UNIT,Marredpally,north,false,false,false,,false,,"Confirmed to be a named sub-colony/enclave inside ""Marredpally"", not a distinct standalone locality. Covered under the parent page.",SECUNDERABAD / NORTH,
Edi Bazaar,edibazaar,Edi Bazaar,edi-bazaar,draft,SUB-UNIT,Falaknuma,south,false,false,false,,false,,"Confirmed to be a named sub-colony/enclave inside ""Falaknuma"", not a distinct standalone locality. Covered under the parent page.",OLD CITY / SHAHALIBANDA,
Edulabad,edulabad,Edulabad,edulabad,draft,NEEDS VERIFICATION,Ghatkesar,east,false,false,false,,false,,"Not yet independently verified. Grouped with ""Ghatkesar"" in the supplied list — candidate for a future standalone page pending research (pincode, real landmarks).",EAST / NORTH-EAST / GHATKESAR | EAST / NORTH-EAST / POCHARAM,
Esamia Bazaar,esamiabazaar,Esamia Bazaar,esamia-bazaar,draft,SUB-UNIT,Abids,central,false,false,false,,false,,"This names a landmark, IT park, campus, or commercial complex, not a residential locality. Likely within/near ""Abids"". Not a standalone-page candidate.",CENTRAL HYDERABAD,
ESI,esi,ESI,esi,draft,SUB-UNIT,SR Nagar,central,false,false,false,,false,,"Confirmed to be a named sub-colony/enclave inside ""SR Nagar"", not a distinct standalone locality. Covered under the parent page.",SR NAGAR,
ESI Hospital Area,esihospitalarea,ESI Hospital Area,esi-hospital-area,draft,SUB-UNIT,Erragadda,central,false,false,false,,false,,"This names a road, junction, or transit stop, not a residential locality with its own identity. Likely within/near ""Erragadda"". Not a standalone-page candidate.",ERRAGADDA,
Falaknuma Palace Area,falaknumapalacearea,Falaknuma Palace Area,falaknuma-palace-area,draft,SUB-UNIT,Falaknuma,south,false,false,false,,false,,"This names a road, junction, or transit stop, not a residential locality with its own identity. Likely within/near ""Falaknuma"". Not a standalone-page candidate.",OLD CITY / FALAKNUMA,
Falaknuma Road,falaknumaroad,Falaknuma Road,falaknuma-road,draft,SUB-UNIT,Shahalibanda,south,false,false,false,,false,,"This names a road, junction, or transit stop, not a residential locality with its own identity. Likely within/near ""Shahalibanda"". Not a standalone-page candidate.",OLD CITY / SHAHALIBANDA,
Fateh Nagar,fatehnagar,Fateh Nagar,fateh-nagar,draft,NEEDS VERIFICATION,Bowenpally,north,false,false,false,,false,,"Not yet independently verified. Grouped with ""Bowenpally"" in the supplied list — candidate for a future standalone page pending research (pincode, real landmarks).",BOWENPALLY,
Financial District Road,financialdistrictroad,Financial District Road,financial-district-road,draft,SUB-UNIT,Kokapet,west,false,false,false,,false,,"This names a road, junction, or transit stop, not a residential locality with its own identity. Likely within/near ""Kokapet"". Not a standalone-page candidate.",KOKAPET,
Gachibowli Stadium,gachibowlistadium,Gachibowli Stadium,gachibowli-stadium,draft,SUB-UNIT,Gachibowli,west,false,false,false,,false,,"This names a landmark, IT park, campus, or commercial complex, not a residential locality. Likely within/near ""Gachibowli"". Not a standalone-page candidate.",GACHIBOWLI,
Gaganmahal,gaganmahal,Gaganmahal,gaganmahal,draft,SUB-UNIT,Himayatnagar,central,false,false,false,,false,,"Confirmed to be a named sub-colony/enclave inside ""Himayatnagar"", not a distinct standalone locality. Covered under the parent page.",HIMAYATNAGAR / BASHEERBAGH,
Galaxy,galaxy,Galaxy,galaxy,draft,SUB-UNIT,Tolichowki,south,false,false,false,,false,,"This names a landmark, IT park, campus, or commercial complex, not a residential locality. Likely within/near ""Tolichowki"". Not a standalone-page candidate.",TOLICHOWKI,
Gandipet,gandipet,Gandipet,gandipet,draft,NEEDS VERIFICATION,Narsingi,west,false,false,false,,false,,"Not yet independently verified. Grouped with ""Narsingi"" in the supplied list — candidate for a future standalone page pending research (pincode, real landmarks).",NARSINGI,
Gandipet Road,gandipetroad,Gandipet Road,gandipet-road,draft,SUB-UNIT,Puppalaguda,west,false,false,false,,false,,"This names a road, junction, or transit stop, not a residential locality with its own identity. Likely within/near ""Puppalaguda"". Not a standalone-page candidate.",PUPPALAGUDA | KOKAPET,
Gangaram,gangaram,Gangaram,gangaram,draft,NEEDS VERIFICATION,Hafeezpet,west,false,false,false,,false,,"Not yet independently verified. Grouped with ""Hafeezpet"" in the supplied list — candidate for a future standalone page pending research (pincode, real landmarks).",HAFEEZPET | CHANDANAGAR,
GAR,gar,GAR,gar,draft,SUB-UNIT,Financial District,west,false,false,false,,false,,"Confirmed to be a named sub-colony/enclave inside ""Financial District"", not a distinct standalone locality. Covered under the parent page.",FINANCIAL DISTRICT,
General Bazaar,generalbazaar,General Bazaar,general-bazaar,draft,SUB-UNIT,Secunderabad,north,false,false,false,,false,,"This names a landmark, IT park, campus, or commercial complex, not a residential locality. Likely within/near ""Secunderabad"". Not a standalone-page candidate.",SECUNDERABAD / NORTH,
Ghatkesar Road,ghatkesarroad,Ghatkesar Road,ghatkesar-road,draft,SUB-UNIT,Peerzadiguda,north,false,false,false,,false,,"This names a road, junction, or transit stop, not a residential locality with its own identity. Likely within/near ""Peerzadiguda"". Not a standalone-page candidate.",PEERZADIGUDA,
Golden Mile,goldenmile,Golden Mile,golden-mile,draft,SUB-UNIT,Kokapet,west,false,false,false,,false,,"This names a landmark, IT park, campus, or commercial complex, not a residential locality. Likely within/near ""Kokapet"". Not a standalone-page candidate.",KOKAPET,
Golnaka,golnaka,Golnaka,golnaka,draft,NEEDS VERIFICATION,,unknown,false,false,false,,false,,"Not yet independently verified — insufficient information available to confirm this is a distinct, standalone-worthy locality or assign a parent.",ADDITIONAL LOCALITIES,
Gopanapally,gopanapally,Gopanapally,gopanapally,draft,NEEDS VERIFICATION,Tellapur,west,false,false,false,,false,,"Not yet independently verified. Grouped with ""Tellapur"" in the supplied list — candidate for a future standalone page pending research (pincode, real landmarks).",TELLAPUR | ADDITIONAL LOCALITIES,
Goshamahal Road,goshamahalroad,Goshamahal Road,goshamahal-road,draft,SUB-UNIT,Nampally,central,false,false,false,,false,,"This names a road, junction, or transit stop, not a residential locality with its own identity. Likely within/near ""Nampally"". Not a standalone-page candidate.",NAMPALLY,
Greenlands,greenlands,Greenlands,greenlands,draft,NEEDS VERIFICATION,Panjagutta,central,false,false,false,,false,,"Not yet independently verified. Grouped with ""Panjagutta"" in the supplied list — candidate for a future standalone page pending research (pincode, real landmarks).",PUNJAGUTTA | SOMAJIGUDA | BEGUMPET,
Gulzar Houz,gulzarhouz,Gulzar Houz,gulzar-houz,draft,SUB-UNIT,Charminar,south,false,false,false,,false,,"This names a landmark, IT park, campus, or commercial complex, not a residential locality. Likely within/near ""Charminar"". Not a standalone-page candidate.",OLD CITY / CHARMINAR,
Hakimpet,hakimpet,Hakimpet,hakimpet,draft,NEEDS VERIFICATION,Jubilee Hills,central,false,false,false,,false,,"Not yet independently verified. Grouped with ""Jubilee Hills"" in the supplied list — candidate for a future standalone page pending research (pincode, real landmarks).",JUBILEE HILLS | TOLICHOWKI | EAST / NORTH-EAST / SHAMIRPET,
Hasanaliguda,hasanaliguda,Hasanaliguda,hasanaliguda,draft,NEEDS VERIFICATION,Himayatnagar,central,false,false,false,,false,,"Not yet independently verified. Grouped with ""Himayatnagar"" in the supplied list — candidate for a future standalone page pending research (pincode, real landmarks).",HIMAYATNAGAR / BASHEERBAGH,
HB Colony,hbcolony,HB Colony,hb-colony,draft,NEEDS VERIFICATION,Moula Ali,north,false,false,false,,false,,"Not yet independently verified. Grouped with ""Moula Ali"" in the supplied list — candidate for a future standalone page pending research (pincode, real landmarks).",MOULA ALI | MEERPET,
Himayath Sagar Road,himayathsagarroad,Himayath Sagar Road,himayath-sagar-road,draft,SUB-UNIT,Narsingi,west,false,false,false,,false,,"This names a road, junction, or transit stop, not a residential locality with its own identity. Likely within/near ""Narsingi"". Not a standalone-page candidate.",NARSINGI,
Himayatnagar Road,himayatnagarroad,Himayatnagar Road,himayatnagar-road,draft,SUB-UNIT,Himayatnagar,central,false,false,false,,false,,"This names a road, junction, or transit stop, not a residential locality with its own identity. Likely within/near ""Himayatnagar"". Not a standalone-page candidate.",HIMAYATNAGAR / BASHEERBAGH,
Himayatsagar Road,himayatsagarroad,Himayatsagar Road,himayatsagar-road,draft,SUB-UNIT,Rajendranagar,south,false,false,false,,false,,"This names a road, junction, or transit stop, not a residential locality with its own identity. Likely within/near ""Rajendranagar"". Not a standalone-page candidate.",RAJENDRANAGAR,
HMT Nagar,hmtnagar,HMT Nagar,hmt-nagar,draft,NEEDS VERIFICATION,Nacharam,north,false,false,false,,false,,"Not yet independently verified. Grouped with ""Nacharam"" in the supplied list — candidate for a future standalone page pending research (pincode, real landmarks).",NACHARAM | MALLAPUR,
HUDA Colony,hudacolony,HUDA Colony,huda-colony,draft,NEEDS VERIFICATION,Chandanagar,west,false,false,false,,false,,"Not yet independently verified. Grouped with ""Chandanagar"" in the supplied list — candidate for a future standalone page pending research (pincode, real landmarks).",CHANDANAGAR,
Hyderabad Airport,hyderabadairport,Hyderabad Airport,hyderabad-airport,draft,SUB-UNIT,Shamshabad,south,false,false,false,,false,,"This names a landmark, IT park, campus, or commercial complex, not a residential locality. Likely within/near ""Shamshabad"". Not a standalone-page candidate.",AIRPORT / SOUTH / SHAMSHABAD,
IAS Colony,iascolony,IAS Colony,ias-colony,draft,SUB-UNIT,Banjara Hills,central,false,false,false,,false,,"Confirmed to be a named sub-colony/enclave inside ""Banjara Hills"", not a distinct standalone locality. Covered under the parent page.",BANJARA HILLS,
Ibrahim Bagh,ibrahimbagh,Ibrahim Bagh,ibrahim-bagh,draft,NEEDS VERIFICATION,Langer Houz,south,false,false,false,,false,,"Not yet independently verified. Grouped with ""Langer Houz"" in the supplied list — candidate for a future standalone page pending research (pincode, real landmarks).",LANGER HOUZ,
Ibrahimpatnam Road,ibrahimpatnamroad,Ibrahimpatnam Road,ibrahimpatnam-road,draft,SUB-UNIT,Kongara Kalan,outskirts,false,false,false,,false,,"This names a road, junction, or transit stop, not a residential locality with its own identity. Likely within/near ""Kongara Kalan"". Not a standalone-page candidate.",AIRPORT / SOUTH / KONGARA KALAN | AIRPORT / SOUTH / TURKAYAMJAL,
IDA Bollaram,idabollaram,IDA Bollaram,ida-bollaram,draft,NEEDS VERIFICATION,,unknown,false,false,false,,false,,"Not yet independently verified — insufficient information available to confirm this is a distinct, standalone-worthy locality or assign a parent.",ADDITIONAL LOCALITIES,
IDA Patancheru,idapatancheru,IDA Patancheru,ida-patancheru,draft,SUB-UNIT,Patancheru,west,false,false,false,,false,,"Confirmed to be a named sub-colony/enclave inside ""Patancheru"", not a distinct standalone locality. Covered under the parent page.",PATANCHERU,
IDPL,idpl,IDPL,idpl,draft,SUB-UNIT,Sanath Nagar,central,false,false,false,,false,,"Confirmed to be a named sub-colony/enclave inside ""Sanath Nagar"", not a distinct standalone locality. Covered under the parent page.",SANATH NAGAR,
IE Sanath Nagar,iesanathnagar,IE Sanath Nagar,ie-sanath-nagar,draft,SUB-UNIT,Sanath Nagar,central,false,false,false,,false,,"Confirmed to be a named sub-colony/enclave inside ""Sanath Nagar"", not a distinct standalone locality. Covered under the parent page.",SANATH NAGAR,
IKEA Area,ikeaarea,IKEA Area,ikea-area,draft,SUB-UNIT,Raidurg,west,false,false,false,,false,,"This names a road, junction, or transit stop, not a residential locality with its own identity. Likely within/near ""Raidurg"". Not a standalone-page candidate.",RAIDURG,
Image Gardens Road,imagegardensroad,Image Gardens Road,image-gardens-road,draft,SUB-UNIT,Madhapur,west,false,false,false,,false,,"This names a road, junction, or transit stop, not a residential locality with its own identity. Likely within/near ""Madhapur"". Not a standalone-page candidate.",MADHAPUR,
Industrial Estate,industrialestate,Industrial Estate,industrial-estate,draft,SUB-UNIT,Sanath Nagar,central,false,false,false,,false,,"Confirmed to be a named sub-colony/enclave inside ""Sanath Nagar"", not a distinct standalone locality. Covered under the parent page.",SANATH NAGAR | NACHARAM,
Infosys SEZ Area,infosyssezarea,Infosys SEZ Area,infosys-sez-area,draft,SUB-UNIT,Pocharam,east,false,false,false,,false,,"This names a road, junction, or transit stop, not a residential locality with its own identity. Likely within/near ""Pocharam"". Not a standalone-page candidate.",EAST / NORTH-EAST / POCHARAM,
Injamamoor,injamamoor,Injamamoor,injamamoor,draft,NEEDS VERIFICATION,Hayathnagar,east,false,false,false,,false,,"Not yet independently verified. Grouped with ""Hayathnagar"" in the supplied list — candidate for a future standalone page pending research (pincode, real landmarks).",HAYATHNAGAR,
Iqbal Minar Area,iqbalminararea,Iqbal Minar Area,iqbal-minar-area,draft,SUB-UNIT,Lakdikapul,central,false,false,false,,false,,"This names a road, junction, or transit stop, not a residential locality with its own identity. Likely within/near ""Lakdikapul"". Not a standalone-page candidate.",LAKDICAPUL / SAIFABAD,
IS Sadan,issadan,IS Sadan,is-sadan,draft,NEEDS VERIFICATION,Chandrayangutta,south,false,false,false,,false,,"Not yet independently verified. Grouped with ""Chandrayangutta"" in the supplied list — candidate for a future standalone page pending research (pincode, real landmarks).",OLD CITY / CHANDRAYANGUTTA | OLD CITY / SANTOSHNAGAR | OLD CITY / SAIDABAD,
Jali Hanuman,jalihanuman,Jali Hanuman,jali-hanuman,draft,SUB-UNIT,Nampally,central,false,false,false,,false,,"This names a landmark, IT park, campus, or commercial complex, not a residential locality. Likely within/near ""Nampally"". Not a standalone-page candidate.",NAMPALLY,
James Street,jamesstreet,James Street,james-street,draft,SUB-UNIT,Secunderabad,north,false,false,false,,false,,"This names a road, junction, or transit stop, not a residential locality with its own identity. Likely within/near ""Secunderabad"". Not a standalone-page candidate.",SECUNDERABAD / NORTH,
Janapriya Nagar,janapriyanagar,Janapriya Nagar,janapriya-nagar,draft,NEEDS VERIFICATION,Hafeezpet,west,false,false,false,,false,,"Not yet independently verified. Grouped with ""Hafeezpet"" in the supplied list — candidate for a future standalone page pending research (pincode, real landmarks).",HAFEEZPET,
Jawahar Nagar,jawaharnagar,Jawahar Nagar,jawahar-nagar,draft,NEEDS VERIFICATION,Keesara,outskirts,false,false,false,,false,,"Not yet independently verified. Grouped with ""Keesara"" in the supplied list — candidate for a future standalone page pending research (pincode, real landmarks).",EAST / NORTH-EAST / KEESARA | EAST / NORTH-EAST / JAWAHAR NAGAR,
JNTU,jntu,JNTU,jntu,draft,SUB-UNIT,Kukatpally,west,false,false,false,,false,,"This names a landmark, IT park, campus, or commercial complex, not a residential locality. Likely within/near ""Kukatpally"". Not a standalone-page candidate.",KUKATPALLY / NORTHWEST | NIZAMPET | PRAGATHI NAGAR,
Journalist Colony,journalistcolony,Journalist Colony,journalist-colony,draft,SUB-UNIT,Banjara Hills,central,false,false,false,,false,,"Confirmed to be a named sub-colony/enclave inside ""Banjara Hills"", not a distinct standalone locality. Covered under the parent page.",BANJARA HILLS | JUBILEE HILLS,
Jubilee Hills Check Post,jubileehillscheckpost,Jubilee Hills Check Post,jubilee-hills-check-post,draft,SUB-UNIT,Jubilee Hills,central,false,false,false,,false,,"This names a road, junction, or transit stop, not a residential locality with its own identity. Likely within/near ""Jubilee Hills"". Not a standalone-page candidate.",JUBILEE HILLS,
Jyothi Nagar,jyothinagar,Jyothi Nagar,jyothi-nagar,draft,NEEDS VERIFICATION,RC Puram,west,false,false,false,,false,,"Not yet independently verified. Grouped with ""RC Puram"" in the supplied list — candidate for a future standalone page pending research (pincode, real landmarks).",RC PURAM,
Kakatiya Nagar,kakatiyanagar,Kakatiya Nagar,kakatiya-nagar,draft,NEEDS VERIFICATION,Moula Ali,north,false,false,false,,false,,"Not yet independently verified. Grouped with ""Moula Ali"" in the supplied list — candidate for a future standalone page pending research (pincode, real landmarks).",MOULA ALI,
Kamalanagar,kamalanagar,Kamalanagar,kamalanagar,draft,NEEDS VERIFICATION,ECIL,north,false,false,false,,false,,"Not yet independently verified. Grouped with ""ECIL"" in the supplied list — candidate for a future standalone page pending research (pincode, real landmarks).",ECIL | AS RAO NAGAR | KAPRA,
Kamineni Hospital Area,kaminenihospitalarea,Kamineni Hospital Area,kamineni-hospital-area,draft,SUB-UNIT,LB Nagar,east,false,false,false,,false,,"This names a road, junction, or transit stop, not a residential locality with its own identity. Likely within/near ""LB Nagar"". Not a standalone-page candidate.",LB NAGAR / EAST / SOUTH-EAST,
Kanajiguda,kanajiguda,Kanajiguda,kanajiguda,draft,NEEDS VERIFICATION,Alwal,north,false,false,false,,false,,"Not yet independently verified. Grouped with ""Alwal"" in the supplied list — candidate for a future standalone page pending research (pincode, real landmarks).",ALWAL,
Kandlakoya,kandlakoya,Kandlakoya,kandlakoya,draft,NEEDS VERIFICATION,Medchal,north,false,false,false,,false,,"Not yet independently verified. Grouped with ""Medchal"" in the supplied list — candidate for a future standalone page pending research (pincode, real landmarks).",MEDCHAL | ADDITIONAL LOCALITIES,
Kandukur Road,kandukurroad,Kandukur Road,kandukur-road,draft,SUB-UNIT,Maheshwaram,outskirts,false,false,false,,false,,"This names a road, junction, or transit stop, not a residential locality with its own identity. Likely within/near ""Maheshwaram"". Not a standalone-page candidate.",AIRPORT / SOUTH / MAHESHWARAM,
Kavuri Hills Phase 1,kavurihillsphase1,Kavuri Hills Phase 1,kavuri-hills-phase-1,draft,SUB-UNIT,Jubilee Hills,central,false,false,false,,false,,"Numbered sub-unit (road/phase) of ""Jubilee Hills"", not a distinct locality — would be a thin duplicate page if published separately. Candidate to list as a landmark on the parent page instead.",JUBILEE HILLS,
Kavuri Hills Phase 2,kavurihillsphase2,Kavuri Hills Phase 2,kavuri-hills-phase-2,draft,SUB-UNIT,Jubilee Hills,central,false,false,false,,false,,"Numbered sub-unit (road/phase) of ""Jubilee Hills"", not a distinct locality — would be a thin duplicate page if published separately. Candidate to list as a landmark on the parent page instead.",JUBILEE HILLS,
KBR Park Area,kbrparkarea,KBR Park Area,kbr-park-area,draft,SUB-UNIT,Banjara Hills,central,false,false,false,,false,,"This names a road, junction, or transit stop, not a residential locality with its own identity. Likely within/near ""Banjara Hills"". Not a standalone-page candidate.",BANJARA HILLS,
Keesara Road,keesararoad,Keesara Road,keesara-road,draft,SUB-UNIT,Ghatkesar,east,false,false,false,,false,,"This names a road, junction, or transit stop, not a residential locality with its own identity. Likely within/near ""Ghatkesar"". Not a standalone-page candidate.",EAST / NORTH-EAST / GHATKESAR,
Khairatabad X Road,khairatabadxroad,Khairatabad X Road,khairatabad-x-road,draft,SUB-UNIT,Khairatabad,central,false,false,false,,false,,"This names a road, junction, or transit stop, not a residential locality with its own identity. Likely within/near ""Khairatabad"". Not a standalone-page candidate.",KHAIRATABAD,
Khaja Nagar,khajanagar,Khaja Nagar,khaja-nagar,draft,SUB-UNIT,Banjara Hills,central,false,false,false,,false,,"Confirmed to be a named sub-colony/enclave inside ""Banjara Hills"", not a distinct standalone locality. Covered under the parent page.",BANJARA HILLS,
Kistareddypet,kistareddypet,Kistareddypet,kistareddypet,draft,NEEDS VERIFICATION,Beeramguda,west,false,false,false,,false,,"Not yet independently verified. Grouped with ""Beeramguda"" in the supplied list — candidate for a future standalone page pending research (pincode, real landmarks).",BEERAMGUDA,
Knowledge City,knowledgecity,Knowledge City,knowledge-city,draft,SUB-UNIT,HITEC City,west,false,false,false,,false,,"This names a landmark, IT park, campus, or commercial complex, not a residential locality. Likely within/near ""HITEC City"". Not a standalone-page candidate.",WEST HYDERABAD / IT CORRIDOR | RAIDURG,
Kokapet Road,kokapetroad,Kokapet Road,kokapet-road,draft,SUB-UNIT,Nanakramguda,west,false,false,false,,false,,"This names a road, junction, or transit stop, not a residential locality with its own identity. Likely within/near ""Nanakramguda"". Not a standalone-page candidate.",NANAKRAMGUDA | NARSINGI,
Kollur Road,kollurroad,Kollur Road,kollur-road,draft,SUB-UNIT,Tellapur,west,false,false,false,,false,,"This names a road, junction, or transit stop, not a residential locality with its own identity. Likely within/near ""Tellapur"". Not a standalone-page candidate.",TELLAPUR,
Konark Theatre Area,konarktheatrearea,Konark Theatre Area,konark-theatre-area,draft,SUB-UNIT,Dilsukhnagar,east,false,false,false,,false,,"This names a road, junction, or transit stop, not a residential locality with its own identity. Likely within/near ""Dilsukhnagar"". Not a standalone-page candidate.",DILSUKHNAGAR,
Kondamadugu,kondamadugu,Kondamadugu,kondamadugu,draft,NEEDS VERIFICATION,Ghatkesar,east,false,false,false,,false,,"Not yet independently verified. Grouped with ""Ghatkesar"" in the supplied list — candidate for a future standalone page pending research (pincode, real landmarks).",EAST / NORTH-EAST / GHATKESAR,
Kothaguda X Road,kothagudaxroad,Kothaguda X Road,kothaguda-x-road,draft,SUB-UNIT,Kondapur,west,false,false,false,,false,,"This names a road, junction, or transit stop, not a residential locality with its own identity. Likely within/near ""Kondapur"". Not a standalone-page candidate.",KONDAPUR,
Koti Women's College,kotiwomenscollege,Koti Women's College,koti-women-s-college,draft,SUB-UNIT,Abids,central,false,false,false,,false,,"This names a landmark, IT park, campus, or commercial complex, not a residential locality. Likely within/near ""Abids"". Not a standalone-page candidate.",CENTRAL HYDERABAD,
Kowkoor,kowkoor,Kowkoor,kowkoor,draft,NEEDS VERIFICATION,Sainikpuri,north,false,false,false,,false,,"Not yet independently verified. Grouped with ""Sainikpuri"" in the supplied list — candidate for a future standalone page pending research (pincode, real landmarks).",SAINIKPURI,
KPHB Phase 1,kphbphase1,KPHB Phase 1,kphb-phase-1,draft,SUB-UNIT,KPHB Colony,west,false,false,false,,false,,"Numbered sub-unit (road/phase) of ""KPHB Colony"", not a distinct locality — would be a thin duplicate page if published separately. Candidate to list as a landmark on the parent page instead.",KUKATPALLY / NORTHWEST,
KPHB Phase 10,kphbphase10,KPHB Phase 10,kphb-phase-10,draft,SUB-UNIT,KPHB Colony,west,false,false,false,,false,,"Numbered sub-unit (road/phase) of ""KPHB Colony"", not a distinct locality — would be a thin duplicate page if published separately. Candidate to list as a landmark on the parent page instead.",KUKATPALLY / NORTHWEST,
KPHB Phase 2,kphbphase2,KPHB Phase 2,kphb-phase-2,draft,SUB-UNIT,KPHB Colony,west,false,false,false,,false,,"Numbered sub-unit (road/phase) of ""KPHB Colony"", not a distinct locality — would be a thin duplicate page if published separately. Candidate to list as a landmark on the parent page instead.",KUKATPALLY / NORTHWEST,
KPHB Phase 3,kphbphase3,KPHB Phase 3,kphb-phase-3,draft,SUB-UNIT,KPHB Colony,west,false,false,false,,false,,"Numbered sub-unit (road/phase) of ""KPHB Colony"", not a distinct locality — would be a thin duplicate page if published separately. Candidate to list as a landmark on the parent page instead.",KUKATPALLY / NORTHWEST,
KPHB Phase 4,kphbphase4,KPHB Phase 4,kphb-phase-4,draft,SUB-UNIT,KPHB Colony,west,false,false,false,,false,,"Numbered sub-unit (road/phase) of ""KPHB Colony"", not a distinct locality — would be a thin duplicate page if published separately. Candidate to list as a landmark on the parent page instead.",KUKATPALLY / NORTHWEST,
KPHB Phase 5,kphbphase5,KPHB Phase 5,kphb-phase-5,draft,SUB-UNIT,KPHB Colony,west,false,false,false,,false,,"Numbered sub-unit (road/phase) of ""KPHB Colony"", not a distinct locality — would be a thin duplicate page if published separately. Candidate to list as a landmark on the parent page instead.",KUKATPALLY / NORTHWEST,
KPHB Phase 6,kphbphase6,KPHB Phase 6,kphb-phase-6,draft,SUB-UNIT,KPHB Colony,west,false,false,false,,false,,"Numbered sub-unit (road/phase) of ""KPHB Colony"", not a distinct locality — would be a thin duplicate page if published separately. Candidate to list as a landmark on the parent page instead.",KUKATPALLY / NORTHWEST,
KPHB Phase 7,kphbphase7,KPHB Phase 7,kphb-phase-7,draft,SUB-UNIT,KPHB Colony,west,false,false,false,,false,,"Numbered sub-unit (road/phase) of ""KPHB Colony"", not a distinct locality — would be a thin duplicate page if published separately. Candidate to list as a landmark on the parent page instead.",KUKATPALLY / NORTHWEST,
KPHB Phase 8,kphbphase8,KPHB Phase 8,kphb-phase-8,draft,SUB-UNIT,KPHB Colony,west,false,false,false,,false,,"Numbered sub-unit (road/phase) of ""KPHB Colony"", not a distinct locality — would be a thin duplicate page if published separately. Candidate to list as a landmark on the parent page instead.",KUKATPALLY / NORTHWEST,
KPHB Phase 9,kphbphase9,KPHB Phase 9,kphb-phase-9,draft,SUB-UNIT,KPHB Colony,west,false,false,false,,false,,"Numbered sub-unit (road/phase) of ""KPHB Colony"", not a distinct locality — would be a thin duplicate page if published separately. Candidate to list as a landmark on the parent page instead.",KUKATPALLY / NORTHWEST,
Krishna Nagar,krishnanagar,Krishna Nagar,krishna-nagar,draft,SUB-UNIT,Yousufguda,central,false,false,false,,false,,"Confirmed to be a named sub-colony/enclave inside ""Yousufguda"", not a distinct standalone locality. Covered under the parent page.",YOUSUFGUDA,
Kurmaguda,kurmaguda,Kurmaguda,kurmaguda,draft,NEEDS VERIFICATION,Santoshnagar,south,false,false,false,,false,,"Not yet independently verified. Grouped with ""Santoshnagar"" in the supplied list — candidate for a future standalone page pending research (pincode, real landmarks).",OLD CITY / SANTOSHNAGAR,
Lal Bazaar,lalbazaar,Lal Bazaar,lal-bazaar,draft,SUB-UNIT,Trimulgherry,north,false,false,false,,false,,"Confirmed to be a named sub-colony/enclave inside ""Trimulgherry"", not a distinct standalone locality. Covered under the parent page.",TRIMULGHERRY,
Lal Darwaza,laldarwaza,Lal Darwaza,lal-darwaza,draft,SUB-UNIT,Moghalpura,south,false,false,false,,false,,"This names a road, junction, or transit stop, not a residential locality with its own identity. Likely within/near ""Moghalpura"". Not a standalone-page candidate.",OLD CITY / MOGHALPURA,
Lalapet,lalapet,Lalapet,lalapet,draft,NEEDS VERIFICATION,Tarnaka,north,false,false,false,,false,,"Not yet independently verified. Grouped with ""Tarnaka"" in the supplied list — candidate for a future standalone page pending research (pincode, real landmarks).",TARNAKA,
Lalith Bagh,lalithbagh,Lalith Bagh,lalith-bagh,draft,NEEDS VERIFICATION,Chandrayangutta,south,false,false,false,,false,,"Not yet independently verified. Grouped with ""Chandrayangutta"" in the supplied list — candidate for a future standalone page pending research (pincode, real landmarks).",OLD CITY / CHANDRAYANGUTTA,
Lanco Hills,lancohills,Lanco Hills,lanco-hills,draft,SUB-UNIT,Manikonda,west,false,false,false,,false,,"Confirmed to be a named sub-colony/enclave inside ""Manikonda"", not a distinct standalone locality. Covered under the parent page.",MANIKONDA,
Liberty,liberty,Liberty,liberty,draft,SUB-UNIT,Himayatnagar,central,false,false,false,,false,,"This names a landmark, IT park, campus, or commercial complex, not a residential locality. Likely within/near ""Himayatnagar"". Not a standalone-page candidate.",HIMAYATNAGAR / BASHEERBAGH,
Lower Tank Bund,lowertankbund,Lower Tank Bund,lower-tank-bund,draft,SUB-UNIT,Himayatnagar,central,false,false,false,,false,,"This names a landmark, IT park, campus, or commercial complex, not a residential locality. Likely within/near ""Himayatnagar"". Not a standalone-page candidate.",HIMAYATNAGAR / BASHEERBAGH,
LV Prasad Road,lvprasadroad,LV Prasad Road,lv-prasad-road,draft,SUB-UNIT,Banjara Hills,central,false,false,false,,false,,"This names a road, junction, or transit stop, not a residential locality with its own identity. Likely within/near ""Banjara Hills"". Not a standalone-page candidate.",BANJARA HILLS,
Madina Building,madinabuilding,Madina Building,madina-building,draft,SUB-UNIT,Charminar,south,false,false,false,,false,,"This names a landmark, IT park, campus, or commercial complex, not a residential locality. Likely within/near ""Charminar"". Not a standalone-page candidate.",OLD CITY / CHARMINAR,
Maitrivanam,maitrivanam,Maitrivanam,maitrivanam,draft,SUB-UNIT,Ameerpet,central,false,false,false,,false,,"Confirmed to be a named sub-colony/enclave inside ""Ameerpet"", not a distinct standalone locality. Covered under the parent page.",AMEERPET,
Mallampet,mallampet,Mallampet,mallampet,draft,NEEDS VERIFICATION,Bachupally,west,false,false,false,,false,,"Not yet independently verified. Grouped with ""Bachupally"" in the supplied list — candidate for a future standalone page pending research (pincode, real landmarks).",BACHUPALLY | ADDITIONAL LOCALITIES,
Mallampet Road,mallampetroad,Mallampet Road,mallampet-road,draft,SUB-UNIT,Nizampet,west,false,false,false,,false,,"This names a road, junction, or transit stop, not a residential locality with its own identity. Likely within/near ""Nizampet"". Not a standalone-page candidate.",NIZAMPET,
Manchal,manchal,Manchal,manchal,draft,NEEDS VERIFICATION,Ibrahimpatnam,outskirts,false,false,false,,false,,"Not yet independently verified. Grouped with ""Ibrahimpatnam"" in the supplied list — candidate for a future standalone page pending research (pincode, real landmarks).",AIRPORT / SOUTH / IBRAHIMPATNAM,
Manikonda Road,manikondaroad,Manikonda Road,manikonda-road,draft,SUB-UNIT,Shaikpet,south,false,false,false,,false,,"This names a road, junction, or transit stop, not a residential locality with its own identity. Likely within/near ""Shaikpet"". Not a standalone-page candidate.",SHAIKPET,
Mansanpally,mansanpally,Mansanpally,mansanpally,draft,NEEDS VERIFICATION,Maheshwaram,outskirts,false,false,false,,false,,"Not yet independently verified. Grouped with ""Maheshwaram"" in the supplied list — candidate for a future standalone page pending research (pincode, real landmarks).",AIRPORT / SOUTH / MAHESHWARAM,
Mantri Celestia,mantricelestia,Mantri Celestia,mantri-celestia,draft,SUB-UNIT,Financial District,west,false,false,false,,false,,"Confirmed to be a named sub-colony/enclave inside ""Financial District"", not a distinct standalone locality. Covered under the parent page.",FINANCIAL DISTRICT,
Masab Tank Side,masabtankside,Masab Tank Side,masab-tank-side,draft,SUB-UNIT,Banjara Hills,central,false,false,false,,false,,"Confirmed to be a named sub-colony/enclave inside ""Banjara Hills"", not a distinct standalone locality. Covered under the parent page.",BANJARA HILLS,
Mayur Marg,mayurmarg,Mayur Marg,mayur-marg,draft,SUB-UNIT,Begumpet,central,false,false,false,,false,,"This names a landmark, IT park, campus, or commercial complex, not a residential locality. Likely within/near ""Begumpet"". Not a standalone-page candidate.",BEGUMPET,
Medchal Road,medchalroad,Medchal Road,medchal-road,draft,SUB-UNIT,Kompally,north,false,false,false,,false,,"This names a road, junction, or transit stop, not a residential locality with its own identity. Likely within/near ""Kompally"". Not a standalone-page candidate.",KOMPALLY | MEDCHAL,
Meerpet HB Colony,meerpethbcolony,Meerpet HB Colony,meerpet-hb-colony,draft,SUB-UNIT,Meerpet,unknown,false,false,false,,false,,"Confirmed to be a named sub-colony/enclave inside ""Meerpet"", not a distinct standalone locality. Covered under the parent page.",ADDITIONAL LOCALITIES,
MG Road,mgroad,MG Road,mg-road,draft,SUB-UNIT,Secunderabad,north,false,false,false,,false,,"This names a road, junction, or transit stop, not a residential locality with its own identity. Likely within/near ""Secunderabad"". Not a standalone-page candidate.",SECUNDERABAD / NORTH,
Mindspace,mindspace,Mindspace,mindspace,draft,SUB-UNIT,HITEC City,west,false,false,false,,false,,"This names a landmark, IT park, campus, or commercial complex, not a residential locality. Likely within/near ""HITEC City"". Not a standalone-page candidate.",WEST HYDERABAD / IT CORRIDOR | RAIDURG,
Minister Road,ministerroad,Minister Road,minister-road,draft,SUB-UNIT,Begumpet,central,false,false,false,,false,,"This names a road, junction, or transit stop, not a residential locality with its own identity. Likely within/near ""Begumpet"". Not a standalone-page candidate.",BEGUMPET | SECUNDERABAD / NORTH,
Ministers Colony,ministerscolony,Ministers Colony,ministers-colony,draft,SUB-UNIT,Banjara Hills,central,false,false,false,,false,,"Confirmed to be a named sub-colony/enclave inside ""Banjara Hills"", not a distinct standalone locality. Covered under the parent page.",BANJARA HILLS,
Mir Chowk,mirchowk,Mir Chowk,mir-chowk,draft,SUB-UNIT,Charminar,south,false,false,false,,false,,"This names a road, junction, or transit stop, not a residential locality with its own identity. Likely within/near ""Charminar"". Not a standalone-page candidate.",OLD CITY / CHARMINAR,
Mithila Nagar,mithilanagar,Mithila Nagar,mithila-nagar,draft,SUB-UNIT,Banjara Hills,central,false,false,false,,false,,"Confirmed to be a named sub-colony/enclave inside ""Banjara Hills"", not a distinct standalone locality. Covered under the parent page.",BANJARA HILLS,
Miyapur Road,miyapurroad,Miyapur Road,miyapur-road,draft,SUB-UNIT,Bachupally,west,false,false,false,,false,,"This names a road, junction, or transit stop, not a residential locality with its own identity. Likely within/near ""Bachupally"". Not a standalone-page candidate.",BACHUPALLY,
Miyapur X Road,miyapurxroad,Miyapur X Road,miyapur-x-road,draft,SUB-UNIT,Miyapur,west,false,false,false,,false,,"This names a road, junction, or transit stop, not a residential locality with its own identity. Likely within/near ""Miyapur"". Not a standalone-page candidate.",MIYAPUR,
MLA Colony,mlacolony,MLA Colony,mla-colony,draft,SUB-UNIT,Banjara Hills,central,false,false,false,,false,,"Confirmed to be a named sub-colony/enclave inside ""Banjara Hills"", not a distinct standalone locality. Covered under the parent page.",BANJARA HILLS,
Mokila,mokila,Mokila,mokila,draft,NEEDS VERIFICATION,,unknown,false,false,false,,false,,"Not yet independently verified — insufficient information available to confirm this is a distinct, standalone-worthy locality or assign a parent.",ADDITIONAL LOCALITIES,
Mokila Road,mokilaroad,Mokila Road,mokila-road,draft,SUB-UNIT,Tellapur,west,false,false,false,,false,,"This names a road, junction, or transit stop, not a residential locality with its own identity. Likely within/near ""Tellapur"". Not a standalone-page candidate.",TELLAPUR | OSMAN NAGAR | KOLLUR,
Monda Market,mondamarket,Monda Market,monda-market,draft,SUB-UNIT,Secunderabad,north,false,false,false,,false,,"This names a landmark, IT park, campus, or commercial complex, not a residential locality. Likely within/near ""Secunderabad"". Not a standalone-page candidate.",SECUNDERABAD / NORTH,
Mozamjahi Market,mozamjahimarket,Mozamjahi Market,mozamjahi-market,draft,SUB-UNIT,Abids,central,false,false,false,,false,,"This names a landmark, IT park, campus, or commercial complex, not a residential locality. Likely within/near ""Abids"". Not a standalone-page candidate.",CENTRAL HYDERABAD,
Mufeedpura,mufeedpura,Mufeedpura,mufeedpura,draft,NEEDS VERIFICATION,Abids,central,false,false,false,,false,,"Not yet independently verified. Grouped with ""Abids"" in the supplied list — candidate for a future standalone page pending research (pincode, real landmarks).",CENTRAL HYDERABAD,
Nadargul,nadargul,Nadargul,nadargul,draft,NEEDS VERIFICATION,Badangpet,south,false,false,false,,false,,"Not yet independently verified. Grouped with ""Badangpet"" in the supplied list — candidate for a future standalone page pending research (pincode, real landmarks).",BADANGPET | AIRPORT / SOUTH / ADIBATLA | AIRPORT / SOUTH / TURKAYAMJAL,
Nalgonda X Road,nalgondaxroad,Nalgonda X Road,nalgonda-x-road,draft,SUB-UNIT,Malakpet,south,false,false,false,,false,,"This names a road, junction, or transit stop, not a residential locality with its own identity. Likely within/near ""Malakpet"". Not a standalone-page candidate.",OLD CITY / MALAKPET,
Nampally Market,nampallymarket,Nampally Market,nampally-market,draft,SUB-UNIT,Nampally,central,false,false,false,,false,,"This names a landmark, IT park, campus, or commercial complex, not a residential locality. Likely within/near ""Nampally"". Not a standalone-page candidate.",NAMPALLY,
Nampally Railway Station,nampallyrailwaystation,Nampally Railway Station,nampally-railway-station,draft,SUB-UNIT,Nampally,central,false,false,false,,false,,"This names a road, junction, or transit stop, not a residential locality with its own identity. Likely within/near ""Nampally"". Not a standalone-page candidate.",NAMPALLY,
Narsingi Road,narsingiroad,Narsingi Road,narsingi-road,draft,SUB-UNIT,Manikonda,west,false,false,false,,false,,"This names a road, junction, or transit stop, not a residential locality with its own identity. Likely within/near ""Manikonda"". Not a standalone-page candidate.",MANIKONDA | PUPPALAGUDA | KOKAPET,
NBT Nagar,nbtnagar,NBT Nagar,nbt-nagar,draft,SUB-UNIT,Banjara Hills,central,false,false,false,,false,,"Confirmed to be a named sub-colony/enclave inside ""Banjara Hills"", not a distinct standalone locality. Covered under the parent page.",BANJARA HILLS,
Necklace Road,necklaceroad,Necklace Road,necklace-road,draft,SUB-UNIT,Somajiguda,central,false,false,false,,false,,"This names a road, junction, or transit stop, not a residential locality with its own identity. Likely within/near ""Somajiguda"". Not a standalone-page candidate.",SOMAJIGUDA,
Neknampur Lake,neknampurlake,Neknampur Lake,neknampur-lake,draft,SUB-UNIT,Manikonda,west,false,false,false,,false,,"This names a landmark, IT park, campus, or commercial complex, not a residential locality. Likely within/near ""Manikonda"". Not a standalone-page candidate.",MANIKONDA,
Neopolis,neopolis,Neopolis,neopolis,draft,SUB-UNIT,Kokapet,west,false,false,false,,false,,"Confirmed to be a named sub-colony/enclave inside ""Kokapet"", not a distinct standalone locality. Covered under the parent page.",FINANCIAL DISTRICT | KOKAPET,
New Malakpet,newmalakpet,New Malakpet,new-malakpet,draft,SUB-UNIT,Malakpet,south,false,false,false,,false,,"Confirmed to be a named sub-colony/enclave inside ""Malakpet"", not a distinct standalone locality. Covered under the parent page.",OLD CITY / MALAKPET,
NGO Colony,ngocolony,NGO Colony,ngo-colony,draft,SUB-UNIT,Vanasthalipuram,east,false,false,false,,false,,"Confirmed to be a named sub-colony/enclave inside ""Vanasthalipuram"", not a distinct standalone locality. Covered under the parent page.",VANASTHALIPURAM,
NGRI,ngri,NGRI,ngri,draft,NEEDS VERIFICATION,Habsiguda,north,false,false,false,,false,,"Not yet independently verified. Grouped with ""Habsiguda"" in the supplied list — candidate for a future standalone page pending research (pincode, real landmarks).",HABSIGUDA,
Nizampet Village,nizampetvillage,Nizampet Village,nizampet-village,draft,NEEDS VERIFICATION,Nizampet,west,false,false,false,,false,,"Not yet independently verified. Grouped with ""Nizampet"" in the supplied list — candidate for a future standalone page pending research (pincode, real landmarks).",NIZAMPET,
NMDC,nmdc,NMDC,nmdc,draft,NEEDS VERIFICATION,Mehdipatnam,south,false,false,false,,false,,"Not yet independently verified. Grouped with ""Mehdipatnam"" in the supplied list — candidate for a future standalone page pending research (pincode, real landmarks).",MEHDIPATNAM / SOUTH-CENTRAL,
NTR Nagar,ntrnagar,NTR Nagar,ntr-nagar,draft,NEEDS VERIFICATION,Boduppal,north,false,false,false,,false,,"Not yet independently verified. Grouped with ""Boduppal"" in the supplied list — candidate for a future standalone page pending research (pincode, real landmarks).",BODUPPAL | SAROORNAGAR,
Old Alwal,oldalwal,Old Alwal,old-alwal,draft,SUB-UNIT,Alwal,north,false,false,false,,false,,"Confirmed to be a named sub-colony/enclave inside ""Alwal"", not a distinct standalone locality. Covered under the parent page.",ALWAL,
Old Bowenpally,oldbowenpally,Old Bowenpally,old-bowenpally,draft,SUB-UNIT,Bowenpally,north,false,false,false,,false,,"Confirmed to be a named sub-colony/enclave inside ""Bowenpally"", not a distinct standalone locality. Covered under the parent page.",BOWENPALLY,
Old Malakpet,oldmalakpet,Old Malakpet,old-malakpet,draft,SUB-UNIT,Malakpet,south,false,false,false,,false,,"Confirmed to be a named sub-colony/enclave inside ""Malakpet"", not a distinct standalone locality. Covered under the parent page.",OLD CITY / MALAKPET,
Old MLA Quarters,oldmlaquarters,Old MLA Quarters,old-mla-quarters,draft,SUB-UNIT,Himayatnagar,central,false,false,false,,false,,"Confirmed to be a named sub-colony/enclave inside ""Himayatnagar"", not a distinct standalone locality. Covered under the parent page.",HIMAYATNAGAR / BASHEERBAGH,
Osmania University,osmaniauniversity,Osmania University,osmania-university,draft,SUB-UNIT,Tarnaka,north,false,false,false,,false,,"This names a landmark, IT park, campus, or commercial complex, not a residential locality. Likely within/near ""Tarnaka"". Not a standalone-page candidate.",TARNAKA,
OU Campus,oucampus,OU Campus,ou-campus,draft,SUB-UNIT,Habsiguda,north,false,false,false,,false,,"This names a landmark, IT park, campus, or commercial complex, not a residential locality. Likely within/near ""Habsiguda"". Not a standalone-page candidate.",HABSIGUDA,
P&T Colony,ptcolony,P&T Colony,pandt-colony,draft,SUB-UNIT,Dilsukhnagar,east,false,false,false,,false,,"Confirmed to be a named sub-colony/enclave inside ""Dilsukhnagar"", not a distinct standalone locality. Covered under the parent page.",DILSUKHNAGAR | SAROORNAGAR,
Paradise,paradise,Paradise,paradise,draft,SUB-UNIT,Secunderabad,north,false,false,false,,false,,"This names a landmark, IT park, campus, or commercial complex, not a residential locality. Likely within/near ""Secunderabad"". Not a standalone-page candidate.",SECUNDERABAD / NORTH,
Parvath Nagar,parvathnagar,Parvath Nagar,parvath-nagar,draft,NEEDS VERIFICATION,Madhapur,west,false,false,false,,false,,"Not yet independently verified. Grouped with ""Madhapur"" in the supplied list — candidate for a future standalone page pending research (pincode, real landmarks).",MADHAPUR,
Patelguda,patelguda,Patelguda,patelguda,draft,NEEDS VERIFICATION,Ameenpur,west,false,false,false,,false,,"Not yet independently verified. Grouped with ""Ameenpur"" in the supplied list — candidate for a future standalone page pending research (pincode, real landmarks).",AMEENPUR,
Peddamma Gudi Area,peddammagudiarea,Peddamma Gudi Area,peddamma-gudi-area,draft,SUB-UNIT,Jubilee Hills,central,false,false,false,,false,,"This names a road, junction, or transit stop, not a residential locality with its own identity. Likely within/near ""Jubilee Hills"". Not a standalone-page candidate.",JUBILEE HILLS,
Peddamma Temple,peddammatemple,Peddamma Temple,peddamma-temple,draft,SUB-UNIT,Jubilee Hills,central,false,false,false,,false,,"This names a landmark, IT park, campus, or commercial complex, not a residential locality. Likely within/near ""Jubilee Hills"". Not a standalone-page candidate.",JUBILEE HILLS,
Pillar No. 143,pillarno143,Pillar No. 143,pillar-no-143,draft,SUB-UNIT,Attapur,south,false,false,false,,false,,"Numbered sub-unit (road/phase) of ""Attapur"", not a distinct locality — would be a thin duplicate page if published separately. Candidate to list as a landmark on the parent page instead.",ATTAPUR,
Pragathi Enclave,pragathienclave,Pragathi Enclave,pragathi-enclave,draft,NEEDS VERIFICATION,Nizampet,west,false,false,false,,false,,"Not yet independently verified. Grouped with ""Nizampet"" in the supplied list — candidate for a future standalone page pending research (pincode, real landmarks).",NIZAMPET,
Prashanthi Hills,prashanthihills,Prashanthi Hills,prashanthi-hills,draft,NEEDS VERIFICATION,Badangpet,south,false,false,false,,false,,"Not yet independently verified. Grouped with ""Badangpet"" in the supplied list — candidate for a future standalone page pending research (pincode, real landmarks).",BADANGPET,
Prashasan Nagar,prashasannagar,Prashasan Nagar,prashasan-nagar,draft,SUB-UNIT,Jubilee Hills,central,false,false,false,,false,,"Confirmed to be a named sub-colony/enclave inside ""Jubilee Hills"", not a distinct standalone locality. Covered under the parent page.",JUBILEE HILLS,
Premavathi Pet,premavathipet,Premavathi Pet,premavathi-pet,draft,NEEDS VERIFICATION,Rajendranagar,south,false,false,false,,false,,"Not yet independently verified. Grouped with ""Rajendranagar"" in the supplied list — candidate for a future standalone page pending research (pincode, real landmarks).",RAJENDRANAGAR,
Punjagutta X Road,punjaguttaxroad,Punjagutta X Road,punjagutta-x-road,draft,SUB-UNIT,Panjagutta,central,false,false,false,,false,,"This names a road, junction, or transit stop, not a residential locality with its own identity. Likely within/near ""Panjagutta"". Not a standalone-page candidate.",PUNJAGUTTA,
Purani Haveli,puranihaveli,Purani Haveli,purani-haveli,draft,SUB-UNIT,Nampally,central,false,false,false,,false,,"This names a landmark, IT park, campus, or commercial complex, not a residential locality. Likely within/near ""Nampally"". Not a standalone-page candidate.",NAMPALLY | OLD CITY / CHARMINAR,
Qila Mohammad Nagar,qilamohammadnagar,Qila Mohammad Nagar,qila-mohammad-nagar,draft,NEEDS VERIFICATION,Langer Houz,south,false,false,false,,false,,"Not yet independently verified. Grouped with ""Langer Houz"" in the supplied list — candidate for a future standalone page pending research (pincode, real landmarks).",LANGER HOUZ,
Quthbullapur,quthbullapur,Quthbullapur,quthbullapur,draft,NEEDS VERIFICATION,Suchitra,north,false,false,false,,false,,"Not yet independently verified. Grouped with ""Suchitra"" in the supplied list — candidate for a future standalone page pending research (pincode, real landmarks).",SUCHITRA | ADDITIONAL LOCALITIES,
Rahmat Nagar,rahmatnagar,Rahmat Nagar,rahmat-nagar,draft,NEEDS VERIFICATION,Yousufguda,central,false,false,false,,false,,"Not yet independently verified. Grouped with ""Yousufguda"" in the supplied list — candidate for a future standalone page pending research (pincode, real landmarks).",YOUSUFGUDA | ERRAGADDA,
Raidurgam,raidurgam,Raidurgam,raidurgam,draft,NEEDS VERIFICATION,Raidurg,west,false,false,false,,false,,"Not yet independently verified. Grouped with ""Raidurg"" in the supplied list — candidate for a future standalone page pending research (pincode, real landmarks).",RAIDURG,
Raj Bhavan Road,rajbhavanroad,Raj Bhavan Road,raj-bhavan-road,draft,SUB-UNIT,Lakdikapul,central,false,false,false,,false,,"This names a road, junction, or transit stop, not a residential locality with its own identity. Likely within/near ""Lakdikapul"". Not a standalone-page candidate.",LAKDICAPUL / SAIFABAD | KHAIRATABAD | PUNJAGUTTA | SOMAJIGUDA,
Rajendranagar Road,rajendranagarroad,Rajendranagar Road,rajendranagar-road,draft,SUB-UNIT,Attapur,south,false,false,false,,false,,"This names a road, junction, or transit stop, not a residential locality with its own identity. Likely within/near ""Attapur"". Not a standalone-page candidate.",ATTAPUR,
Rashidguda,rashidguda,Rashidguda,rashidguda,draft,NEEDS VERIFICATION,Shamshabad,south,false,false,false,,false,,"Not yet independently verified. Grouped with ""Shamshabad"" in the supplied list — candidate for a future standalone page pending research (pincode, real landmarks).",AIRPORT / SOUTH / SHAMSHABAD,
Razdar Khanpet,razdarkhanpet,Razdar Khanpet,razdar-khanpet,draft,NEEDS VERIFICATION,Nampally,central,false,false,false,,false,,"Not yet independently verified. Grouped with ""Nampally"" in the supplied list — candidate for a future standalone page pending research (pincode, real landmarks).",NAMPALLY,
Residency Road,residencyroad,Residency Road,residency-road,draft,SUB-UNIT,Abids,central,false,false,false,,false,,"This names a road, junction, or transit stop, not a residential locality with its own identity. Likely within/near ""Abids"". Not a standalone-page candidate.",CENTRAL HYDERABAD,
RK Puram,rkpuram,RK Puram,rk-puram,draft,NEEDS VERIFICATION,Saroor Nagar,east,false,false,false,,false,,"Not yet independently verified. Grouped with ""Saroor Nagar"" in the supplied list — candidate for a future standalone page pending research (pincode, real landmarks).",SAROORNAGAR,
Road No. 1,roadno1,Road No. 1,road-no-1,draft,SUB-UNIT,Banjara Hills,central,false,false,false,,false,,"Numbered sub-unit (road/phase) of ""Banjara Hills"", not a distinct locality — would be a thin duplicate page if published separately. Candidate to list as a landmark on the parent page instead.",BANJARA HILLS,
Road No. 10,roadno10,Road No. 10,road-no-10,draft,SUB-UNIT,Banjara Hills,central,false,false,false,,false,,"Numbered sub-unit (road/phase) of ""Banjara Hills"", not a distinct locality — would be a thin duplicate page if published separately. Candidate to list as a landmark on the parent page instead.",BANJARA HILLS,
Road No. 11,roadno11,Road No. 11,road-no-11,draft,SUB-UNIT,Banjara Hills,central,false,false,false,,false,,"Numbered sub-unit (road/phase) of ""Banjara Hills"", not a distinct locality — would be a thin duplicate page if published separately. Candidate to list as a landmark on the parent page instead.",BANJARA HILLS,
Road No. 12,roadno12,Road No. 12,road-no-12,draft,SUB-UNIT,Banjara Hills,central,false,false,false,,false,,"Numbered sub-unit (road/phase) of ""Banjara Hills"", not a distinct locality — would be a thin duplicate page if published separately. Candidate to list as a landmark on the parent page instead.",BANJARA HILLS,
Road No. 13,roadno13,Road No. 13,road-no-13,draft,SUB-UNIT,Banjara Hills,central,false,false,false,,false,,"Numbered sub-unit (road/phase) of ""Banjara Hills"", not a distinct locality — would be a thin duplicate page if published separately. Candidate to list as a landmark on the parent page instead.",BANJARA HILLS,
Road No. 14,roadno14,Road No. 14,road-no-14,draft,SUB-UNIT,Banjara Hills,central,false,false,false,,false,,"Numbered sub-unit (road/phase) of ""Banjara Hills"", not a distinct locality — would be a thin duplicate page if published separately. Candidate to list as a landmark on the parent page instead.",BANJARA HILLS,
Road No. 2,roadno2,Road No. 2,road-no-2,draft,SUB-UNIT,Banjara Hills,central,false,false,false,,false,,"Numbered sub-unit (road/phase) of ""Banjara Hills"", not a distinct locality — would be a thin duplicate page if published separately. Candidate to list as a landmark on the parent page instead.",BANJARA HILLS,
Road No. 3,roadno3,Road No. 3,road-no-3,draft,SUB-UNIT,Banjara Hills,central,false,false,false,,false,,"Numbered sub-unit (road/phase) of ""Banjara Hills"", not a distinct locality — would be a thin duplicate page if published separately. Candidate to list as a landmark on the parent page instead.",BANJARA HILLS,
Road No. 36,roadno36,Road No. 36,road-no-36,draft,SUB-UNIT,Banjara Hills,central,false,false,false,,false,,"Numbered sub-unit (road/phase) of ""Banjara Hills"", not a distinct locality — would be a thin duplicate page if published separately. Candidate to list as a landmark on the parent page instead.",BANJARA HILLS,
Road No. 4,roadno4,Road No. 4,road-no-4,draft,SUB-UNIT,Banjara Hills,central,false,false,false,,false,,"Numbered sub-unit (road/phase) of ""Banjara Hills"", not a distinct locality — would be a thin duplicate page if published separately. Candidate to list as a landmark on the parent page instead.",BANJARA HILLS,
Road No. 45,roadno45,Road No. 45,road-no-45,draft,SUB-UNIT,Banjara Hills,central,false,false,false,,false,,"Numbered sub-unit (road/phase) of ""Banjara Hills"", not a distinct locality — would be a thin duplicate page if published separately. Candidate to list as a landmark on the parent page instead.",BANJARA HILLS,
Road No. 5,roadno5,Road No. 5,road-no-5,draft,SUB-UNIT,Banjara Hills,central,false,false,false,,false,,"Numbered sub-unit (road/phase) of ""Banjara Hills"", not a distinct locality — would be a thin duplicate page if published separately. Candidate to list as a landmark on the parent page instead.",BANJARA HILLS,
Road No. 6,roadno6,Road No. 6,road-no-6,draft,SUB-UNIT,Banjara Hills,central,false,false,false,,false,,"Numbered sub-unit (road/phase) of ""Banjara Hills"", not a distinct locality — would be a thin duplicate page if published separately. Candidate to list as a landmark on the parent page instead.",BANJARA HILLS,
Road No. 7,roadno7,Road No. 7,road-no-7,draft,SUB-UNIT,Banjara Hills,central,false,false,false,,false,,"Numbered sub-unit (road/phase) of ""Banjara Hills"", not a distinct locality — would be a thin duplicate page if published separately. Candidate to list as a landmark on the parent page instead.",BANJARA HILLS,
Road No. 8,roadno8,Road No. 8,road-no-8,draft,SUB-UNIT,Banjara Hills,central,false,false,false,,false,,"Numbered sub-unit (road/phase) of ""Banjara Hills"", not a distinct locality — would be a thin duplicate page if published separately. Candidate to list as a landmark on the parent page instead.",BANJARA HILLS,
Road No. 9,roadno9,Road No. 9,road-no-9,draft,SUB-UNIT,Banjara Hills,central,false,false,false,,false,,"Numbered sub-unit (road/phase) of ""Banjara Hills"", not a distinct locality — would be a thin duplicate page if published separately. Candidate to list as a landmark on the parent page instead.",BANJARA HILLS,
Road No. 92,roadno92,Road No. 92,road-no-92,draft,SUB-UNIT,Banjara Hills,central,false,false,false,,false,,"Numbered sub-unit (road/phase) of ""Banjara Hills"", not a distinct locality — would be a thin duplicate page if published separately. Candidate to list as a landmark on the parent page instead.",BANJARA HILLS,
RP Road,rproad,RP Road,rp-road,draft,SUB-UNIT,Secunderabad,north,false,false,false,,false,,"This names a road, junction, or transit stop, not a residential locality with its own identity. Likely within/near ""Secunderabad"". Not a standalone-page candidate.",SECUNDERABAD / NORTH,
RTC Colony,rtccolony,RTC Colony,rtc-colony,draft,NEEDS VERIFICATION,LB Nagar,east,false,false,false,,false,,"Not yet independently verified. Grouped with ""LB Nagar"" in the supplied list — candidate for a future standalone page pending research (pincode, real landmarks).",LB NAGAR / EAST / SOUTH-EAST | VANASTHALIPURAM,
RTC X Roads,rtcxroads,RTC X Roads,rtc-x-roads,draft,SUB-UNIT,,unknown,false,false,false,,false,,"This names a road, junction, or transit stop, not a residential locality with its own identity. Not a standalone-page candidate.",ADDITIONAL LOCALITIES,
Sagar Society,sagarsociety,Sagar Society,sagar-society,draft,SUB-UNIT,Banjara Hills,central,false,false,false,,false,,"Confirmed to be a named sub-colony/enclave inside ""Banjara Hills"", not a distinct standalone locality. Covered under the parent page.",BANJARA HILLS | JUBILEE HILLS,
Sahebnagar,sahebnagar,Sahebnagar,sahebnagar,draft,NEEDS VERIFICATION,Vanasthalipuram,east,false,false,false,,false,,"Not yet independently verified. Grouped with ""Vanasthalipuram"" in the supplied list — candidate for a future standalone page pending research (pincode, real landmarks).",VANASTHALIPURAM | BN REDDY NAGAR,
Saket,saket,Saket,saket,draft,NEEDS VERIFICATION,Kapra,north,false,false,false,,false,,"Not yet independently verified. Grouped with ""Kapra"" in the supplied list — candidate for a future standalone page pending research (pincode, real landmarks).",KAPRA,
Sardarpur,sardarpur,Sardarpur,sardarpur,draft,NEEDS VERIFICATION,Shamshabad,south,false,false,false,,false,,"Not yet independently verified. Grouped with ""Shamshabad"" in the supplied list — candidate for a future standalone page pending research (pincode, real landmarks).",AIRPORT / SOUTH / SHAMSHABAD,
Secretariat Area,secretariatarea,Secretariat Area,secretariat-area,draft,SUB-UNIT,Lakdikapul,central,false,false,false,,false,,"This names a road, junction, or transit stop, not a residential locality with its own identity. Likely within/near ""Lakdikapul"". Not a standalone-page candidate.",LAKDICAPUL / SAIFABAD,
Secunderabad Cantonment,secunderabadcantonment,Secunderabad Cantonment,secunderabad-cantonment,draft,SUB-UNIT,Secunderabad,north,false,false,false,,false,,"Confirmed to be a named sub-colony/enclave inside ""Secunderabad"", not a distinct standalone locality. Covered under the parent page.",TRIMULGHERRY,
Seven Tombs,seventombs,Seven Tombs,seven-tombs,draft,SUB-UNIT,Tolichowki,south,false,false,false,,false,,"This names a landmark, IT park, campus, or commercial complex, not a residential locality. Likely within/near ""Tolichowki"". Not a standalone-page candidate.",TOLICHOWKI | SHAIKPET | LANGER HOUZ,
Shakti Sai Nagar,shaktisainagar,Shakti Sai Nagar,shakti-sai-nagar,draft,NEEDS VERIFICATION,,unknown,false,false,false,,false,,"Not yet independently verified — insufficient information available to confirm this is a distinct, standalone-worthy locality or assign a parent.",ADDITIONAL LOCALITIES,
Shankarpally Road,shankarpallyroad,Shankarpally Road,shankarpally-road,draft,SUB-UNIT,Kollur,west,false,false,false,,false,,"This names a road, junction, or transit stop, not a residential locality with its own identity. Likely within/near ""Kollur"". Not a standalone-page candidate.",KOLLUR | ADDITIONAL LOCALITIES,
Shanti Nagar,shantinagar,Shanti Nagar,shanti-nagar,draft,NEEDS VERIFICATION,Nampally,central,false,false,false,,false,,"Not yet independently verified. Grouped with ""Nampally"" in the supplied list — candidate for a future standalone page pending research (pincode, real landmarks).",NAMPALLY | LAKDICAPUL / SAIFABAD,
Shastripuram,shastripuram,Shastripuram,shastripuram,draft,SUB-UNIT,Nawab Saheb Kunta,south,false,false,false,,false,,"Confirmed to be a named sub-colony/enclave inside ""Nawab Saheb Kunta"", not a distinct standalone locality. Covered under the parent page.",OLD CITY / FALAKNUMA | OLD CITY / BAHADURPURA,
Shilpa Park,shilpapark,Shilpa Park,shilpa-park,draft,SUB-UNIT,Kondapur,west,false,false,false,,false,,"This names a landmark, IT park, campus, or commercial complex, not a residential locality. Likely within/near ""Kondapur"". Not a standalone-page candidate.",KONDAPUR,
Shivam Road,shivamroad,Shivam Road,shivam-road,draft,SUB-UNIT,,unknown,false,false,false,,false,,"This names a road, junction, or transit stop, not a residential locality with its own identity. Not a standalone-page candidate.",ADDITIONAL LOCALITIES,
Singareni Colony,singarenicolony,Singareni Colony,singareni-colony,draft,NEEDS VERIFICATION,Saidabad,south,false,false,false,,false,,"Not yet independently verified. Grouped with ""Saidabad"" in the supplied list — candidate for a future standalone page pending research (pincode, real landmarks).",OLD CITY / SAIDABAD,
Sri Ram Nagar,sriramnagar,Sri Ram Nagar,sri-ram-nagar,draft,NEEDS VERIFICATION,Yousufguda,central,false,false,false,,false,,"Not yet independently verified. Grouped with ""Yousufguda"" in the supplied list — candidate for a future standalone page pending research (pincode, real landmarks).",YOUSUFGUDA | MADHAPUR | KONDAPUR,
Srisailam Highway,srisailamhighway,Srisailam Highway,srisailam-highway,draft,NEEDS VERIFICATION,Tukkuguda,outskirts,false,false,false,,false,,"Not yet independently verified. Grouped with ""Tukkuguda"" in the supplied list — candidate for a future standalone page pending research (pincode, real landmarks).",AIRPORT / SOUTH / TUKKUGUDA | AIRPORT / SOUTH / MAHESHWARAM,
Street No. 8,streetno8,Street No. 8,street-no-8,draft,SUB-UNIT,Habsiguda,north,false,false,false,,false,,"Numbered sub-unit (road/phase) of ""Habsiguda"", not a distinct locality — would be a thin duplicate page if published separately. Candidate to list as a landmark on the parent page instead.",HABSIGUDA,
Surya Nagar,suryanagar,Surya Nagar,surya-nagar,draft,SUB-UNIT,Alwal,north,false,false,false,,false,,"Confirmed to be a named sub-colony/enclave inside ""Alwal"", not a distinct standalone locality. Covered under the parent page.",ALWAL,
Talab Katta,talabkatta,Talab Katta,talab-katta,draft,NEEDS VERIFICATION,Dabeerpura,south,false,false,false,,false,,"Not yet independently verified. Grouped with ""Dabeerpura"" in the supplied list — candidate for a future standalone page pending research (pincode, real landmarks).",OLD CITY / DABEERPURA | OLD CITY / YAKUTPURA | OLD CITY / SANTOSHNAGAR | OLD CITY / REIN BAZAAR,
TCS Adibatla,tcsadibatla,TCS Adibatla,tcs-adibatla,draft,SUB-UNIT,Adibatla,outskirts,false,false,false,,false,,"This names a landmark, IT park, campus, or commercial complex, not a residential locality. Likely within/near ""Adibatla"". Not a standalone-page candidate.",AIRPORT / SOUTH / ADIBATLA,
Teegalguda,teegalguda,Teegalguda,teegalguda,draft,NEEDS VERIFICATION,Saidabad,south,false,false,false,,false,,"Not yet independently verified. Grouped with ""Saidabad"" in the supplied list — candidate for a future standalone page pending research (pincode, real landmarks).",OLD CITY / SAIDABAD,
Telecom Nagar,telecomnagar,Telecom Nagar,telecom-nagar,draft,SUB-UNIT,Gachibowli,west,false,false,false,,false,,"Confirmed to be a named sub-colony/enclave inside ""Gachibowli"", not a distinct standalone locality. Covered under the parent page.",MADHAPUR | GACHIBOWLI,
Temple Alwal,templealwal,Temple Alwal,temple-alwal,draft,SUB-UNIT,Alwal,north,false,false,false,,false,,"Confirmed to be a named sub-colony/enclave inside ""Alwal"", not a distinct standalone locality. Covered under the parent page.",ALWAL,
Thokatta,thokatta,Thokatta,thokatta,draft,NEEDS VERIFICATION,Secunderabad,north,false,false,false,,false,,"Not yet independently verified. Grouped with ""Secunderabad"" in the supplied list — candidate for a future standalone page pending research (pincode, real landmarks).",SECUNDERABAD / NORTH | ADDITIONAL LOCALITIES,
Thumkunta,thumkunta,Thumkunta,thumkunta,draft,NEEDS VERIFICATION,Shamirpet,outskirts,false,false,false,,false,,"Not yet independently verified. Grouped with ""Shamirpet"" in the supplied list — candidate for a future standalone page pending research (pincode, real landmarks).",EAST / NORTH-EAST / SHAMIRPET,
Tilak Nagar,tilaknagar,Tilak Nagar,tilak-nagar,draft,NEEDS VERIFICATION,Ramanthapur,north,false,false,false,,false,,"Not yet independently verified. Grouped with ""Ramanthapur"" in the supplied list — candidate for a future standalone page pending research (pincode, real landmarks).",RAMANTHAPUR | ADDITIONAL LOCALITIES,
Tilak Road,tilakroad,Tilak Road,tilak-road,draft,SUB-UNIT,Abids,central,false,false,false,,false,,"This names a road, junction, or transit stop, not a residential locality with its own identity. Likely within/near ""Abids"". Not a standalone-page candidate.",CENTRAL HYDERABAD,
Tolichowki Road,tolichowkiroad,Tolichowki Road,tolichowki-road,draft,SUB-UNIT,Mehdipatnam,south,false,false,false,,false,,"This names a road, junction, or transit stop, not a residential locality with its own identity. Likely within/near ""Mehdipatnam"". Not a standalone-page candidate.",MEHDIPATNAM / SOUTH-CENTRAL,
Totaguda,totaguda,Totaguda,totaguda,draft,NEEDS VERIFICATION,Nampally,central,false,false,false,,false,,"Not yet independently verified. Grouped with ""Nampally"" in the supplied list — candidate for a future standalone page pending research (pincode, real landmarks).",NAMPALLY,
Turkapally,turkapally,Turkapally,turkapally,draft,NEEDS VERIFICATION,Alwal,north,false,false,false,,false,,"Not yet independently verified. Grouped with ""Alwal"" in the supplied list — candidate for a future standalone page pending research (pincode, real landmarks).",ALWAL | EAST / NORTH-EAST / SHAMIRPET,
TV Studio Road,tvstudioroad,TV Studio Road,tv-studio-road,draft,SUB-UNIT,Ramanthapur,north,false,false,false,,false,,"This names a road, junction, or transit stop, not a residential locality with its own identity. Likely within/near ""Ramanthapur"". Not a standalone-page candidate.",RAMANTHAPUR,
Uppal Depot,uppaldepot,Uppal Depot,uppal-depot,draft,SUB-UNIT,Uppal,north,false,false,false,,false,,"This names a road, junction, or transit stop, not a residential locality with its own identity. Likely within/near ""Uppal"". Not a standalone-page candidate.",UPPAL,
Uppal Road,uppalroad,Uppal Road,uppal-road,draft,SUB-UNIT,Tarnaka,north,false,false,false,,false,,"This names a road, junction, or transit stop, not a residential locality with its own identity. Likely within/near ""Tarnaka"". Not a standalone-page candidate.",TARNAKA,
Vampuguda,vampuguda,Vampuguda,vampuguda,draft,NEEDS VERIFICATION,,unknown,false,false,false,,false,,"Not yet independently verified — insufficient information available to confirm this is a distinct, standalone-worthy locality or assign a parent.",ADDITIONAL LOCALITIES,
Vayupuri,vayupuri,Vayupuri,vayupuri,draft,NEEDS VERIFICATION,Sainikpuri,north,false,false,false,,false,,"Not yet independently verified. Grouped with ""Sainikpuri"" in the supplied list — candidate for a future standalone page pending research (pincode, real landmarks).",SAINIKPURI,
Velimela,velimela,Velimela,velimela,draft,NEEDS VERIFICATION,Kollur,west,false,false,false,,false,,"Not yet independently verified. Grouped with ""Kollur"" in the supplied list — candidate for a future standalone page pending research (pincode, real landmarks).",KOLLUR | ADDITIONAL LOCALITIES,
Venkateshwara Colony,venkateshwaracolony,Venkateshwara Colony,venkateshwara-colony,draft,NEEDS VERIFICATION,Boduppal,north,false,false,false,,false,,"Not yet independently verified. Grouped with ""Boduppal"" in the supplied list — candidate for a future standalone page pending research (pincode, real landmarks).",BODUPPAL,
Waverock,waverock,Waverock,waverock,draft,SUB-UNIT,Financial District,west,false,false,false,,false,,"This names a landmark, IT park, campus, or commercial complex, not a residential locality. Likely within/near ""Financial District"". Not a standalone-page candidate.",FINANCIAL DISTRICT,
WaveRock SEZ,waverocksez,WaveRock SEZ,waverock-sez,draft,SUB-UNIT,Financial District,west,false,false,false,,false,,"This names a landmark, IT park, campus, or commercial complex, not a residential locality. Likely within/near ""Financial District"". Not a standalone-page candidate.",FINANCIAL DISTRICT,
West Marredpally,westmarredpally,West Marredpally,west-marredpally,draft,SUB-UNIT,Marredpally,north,false,false,false,,false,,"Confirmed to be a named sub-colony/enclave inside ""Marredpally"", not a distinct standalone locality. Covered under the parent page.",SECUNDERABAD / NORTH,
Yacharam Road,yacharamroad,Yacharam Road,yacharam-road,draft,SUB-UNIT,Ibrahimpatnam,outskirts,false,false,false,,false,,"This names a road, junction, or transit stop, not a residential locality with its own identity. Likely within/near ""Ibrahimpatnam"". Not a standalone-page candidate.",AIRPORT / SOUTH / IBRAHIMPATNAM,
Yadgarpally,yadgarpally,Yadgarpally,yadgarpally,draft,NEEDS VERIFICATION,Keesara,outskirts,false,false,false,,false,,"Not yet independently verified. Grouped with ""Keesara"" in the supplied list — candidate for a future standalone page pending research (pincode, real landmarks).",EAST / NORTH-EAST / KEESARA,
Yousufguda Check Post,yousufgudacheckpost,Yousufguda Check Post,yousufguda-check-post,draft,SUB-UNIT,Yousufguda,central,false,false,false,,false,,"This names a road, junction, or transit stop, not a residential locality with its own identity. Likely within/near ""Yousufguda"". Not a standalone-page candidate.",YOUSUFGUDA,
Zoo Park,zoopark,Zoo Park,zoo-park,draft,SUB-UNIT,Bahadurpura,south,false,false,false,,false,,"This names a landmark, IT park, campus, or commercial complex, not a residential locality. Likely within/near ""Bahadurpura"". Not a standalone-page candidate.",OLD CITY / BAHADURPURA,